MEMORY_INITIALIZATION_RADIX=10;
MEMORY_INITIALIZATION_VECTOR=
0,
4,
8,
12,
17,
21,
25,
29,
33,
37,
41,
45,
50,
54,
58,
62,
66,
70,
74,
78,
83,
87,
91,
95,
99,
103,
107,
111,
116,
120,
124,
128,
132,
136,
140,
145,
149,
153,
157,
161,
165,
169,
173,
178,
182,
186,
190,
194,
198,
202,
206,
211,
215,
219,
223,
227,
231,
235,
239,
244,
248,
252,
256,
260,
264,
268,
273,
277,
281,
285,
289,
293,
297,
301,
306,
310,
314,
318,
322,
326,
330,
334,
339,
343,
347,
351,
355,
359,
363,
367,
372,
376,
380,
384,
388,
392,
396,
400,
405,
409,
413,
417,
421,
425,
429,
433,
438,
442,
446,
450,
454,
458,
462,
466,
471,
475,
479,
483,
487,
491,
495,
499,
504,
508,
512,
516,
520,
524,
528,
532,
537,
541,
545,
549,
553,
557,
561,
565,
570,
574,
578,
582,
586,
590,
594,
598,
603,
607,
611,
615,
619,
623,
627,
631,
636,
640,
644,
648,
652,
656,
660,
664,
669,
673,
677,
681,
685,
689,
693,
697,
702,
706,
710,
714,
718,
722,
726,
730,
734,
739,
743,
747,
751,
755,
759,
763,
767,
772,
776,
780,
784,
788,
792,
796,
800,
804,
809,
813,
817,
821,
825,
829,
833,
837,
842,
846,
850,
854,
858,
862,
866,
870,
874,
879,
883,
887,
891,
895,
899,
903,
907,
912,
916,
920,
924,
928,
932,
936,
940,
944,
949,
953,
957,
961,
965,
969,
973,
977,
981,
986,
990,
994,
998,
1002,
1006,
1010,
1014,
1018,
1023,
1027,
1031,
1035,
1039,
1043,
1047,
1051,
1055,
1060,
1064,
1068,
1072,
1076,
1080,
1084,
1088,
1092,
1097,
1101,
1105,
1109,
1113,
1117,
1121,
1125,
1129,
1134,
1138,
1142,
1146,
1150,
1154,
1158,
1162,
1166,
1170,
1175,
1179,
1183,
1187,
1191,
1195,
1199,
1203,
1207,
1211,
1216,
1220,
1224,
1228,
1232,
1236,
1240,
1244,
1248,
1253,
1257,
1261,
1265,
1269,
1273,
1277,
1281,
1285,
1289,
1294,
1298,
1302,
1306,
1310,
1314,
1318,
1322,
1326,
1330,
1335,
1339,
1343,
1347,
1351,
1355,
1359,
1363,
1367,
1371,
1375,
1380,
1384,
1388,
1392,
1396,
1400,
1404,
1408,
1412,
1416,
1421,
1425,
1429,
1433,
1437,
1441,
1445,
1449,
1453,
1457,
1461,
1466,
1470,
1474,
1478,
1482,
1486,
1490,
1494,
1498,
1502,
1506,
1511,
1515,
1519,
1523,
1527,
1531,
1535,
1539,
1543,
1547,
1551,
1555,
1560,
1564,
1568,
1572,
1576,
1580,
1584,
1588,
1592,
1596,
1600,
1604,
1609,
1613,
1617,
1621,
1625,
1629,
1633,
1637,
1641,
1645,
1649,
1653,
1658,
1662,
1666,
1670,
1674,
1678,
1682,
1686,
1690,
1694,
1698,
1702,
1707,
1711,
1715,
1719,
1723,
1727,
1731,
1735,
1739,
1743,
1747,
1751,
1755,
1759,
1764,
1768,
1772,
1776,
1780,
1784,
1788,
1792,
1796,
1800,
1804,
1808,
1812,
1817,
1821,
1825,
1829,
1833,
1837,
1841,
1845,
1849,
1853,
1857,
1861,
1865,
1869,
1873,
1878,
1882,
1886,
1890,
1894,
1898,
1902,
1906,
1910,
1914,
1918,
1922,
1926,
1930,
1934,
1938,
1943,
1947,
1951,
1955,
1959,
1963,
1967,
1971,
1975,
1979,
1983,
1987,
1991,
1995,
1999,
2003,
2007,
2012,
2016,
2020,
2024,
2028,
2032,
2036,
2040,
2044,
2048,
2052,
2056,
2060,
2064,
2068,
2072,
2076,
2080,
2085,
2089,
2093,
2097,
2101,
2105,
2109,
2113,
2117,
2121,
2125,
2129,
2133,
2137,
2141,
2145,
2149,
2153,
2157,
2161,
2165,
2170,
2174,
2178,
2182,
2186,
2190,
2194,
2198,
2202,
2206,
2210,
2214,
2218,
2222,
2226,
2230,
2234,
2238,
2242,
2246,
2250,
2254,
2258,
2262,
2267,
2271,
2275,
2279,
2283,
2287,
2291,
2295,
2299,
2303,
2307,
2311,
2315,
2319,
2323,
2327,
2331,
2335,
2339,
2343,
2347,
2351,
2355,
2359,
2363,
2367,
2371,
2375,
2379,
2383,
2387,
2392,
2396,
2400,
2404,
2408,
2412,
2416,
2420,
2424,
2428,
2432,
2436,
2440,
2444,
2448,
2452,
2456,
2460,
2464,
2468,
2472,
2476,
2480,
2484,
2488,
2492,
2496,
2500,
2504,
2508,
2512,
2516,
2520,
2524,
2528,
2532,
2536,
2540,
2544,
2548,
2552,
2556,
2560,
2564,
2568,
2572,
2576,
2580,
2584,
2588,
2592,
2596,
2600,
2604,
2608,
2612,
2616,
2620,
2624,
2628,
2632,
2636,
2640,
2644,
2648,
2652,
2656,
2660,
2664,
2668,
2672,
2676,
2680,
2684,
2688,
2692,
2696,
2700,
2704,
2708,
2712,
2716,
2720,
2724,
2728,
2732,
2736,
2740,
2744,
2748,
2752,
2756,
2760,
2764,
2768,
2772,
2776,
2780,
2784,
2788,
2792,
2796,
2800,
2804,
2808,
2812,
2816,
2820,
2824,
2828,
2832,
2836,
2840,
2844,
2848,
2852,
2856,
2860,
2864,
2868,
2872,
2876,
2880,
2884,
2888,
2892,
2896,
2900,
2904,
2908,
2912,
2916,
2920,
2924,
2928,
2932,
2936,
2940,
2944,
2948,
2951,
2955,
2959,
2963,
2967,
2971,
2975,
2979,
2983,
2987,
2991,
2995,
2999,
3003,
3007,
3011,
3015,
3019,
3023,
3027,
3031,
3035,
3039,
3043,
3047,
3051,
3055,
3059,
3063,
3066,
3070,
3074,
3078,
3082,
3086,
3090,
3094,
3098,
3102,
3106,
3110,
3114,
3118,
3122,
3126,
3130,
3134,
3138,
3142,
3146,
3149,
3153,
3157,
3161,
3165,
3169,
3173,
3177,
3181,
3185,
3189,
3193,
3197,
3201,
3205,
3209,
3213,
3217,
3220,
3224,
3228,
3232,
3236,
3240,
3244,
3248,
3252,
3256,
3260,
3264,
3268,
3272,
3276,
3280,
3283,
3287,
3291,
3295,
3299,
3303,
3307,
3311,
3315,
3319,
3323,
3327,
3331,
3335,
3338,
3342,
3346,
3350,
3354,
3358,
3362,
3366,
3370,
3374,
3378,
3382,
3386,
3389,
3393,
3397,
3401,
3405,
3409,
3413,
3417,
3421,
3425,
3429,
3433,
3436,
3440,
3444,
3448,
3452,
3456,
3460,
3464,
3468,
3472,
3476,
3480,
3483,
3487,
3491,
3495,
3499,
3503,
3507,
3511,
3515,
3519,
3522,
3526,
3530,
3534,
3538,
3542,
3546,
3550,
3554,
3558,
3561,
3565,
3569,
3573,
3577,
3581,
3585,
3589,
3593,
3597,
3600,
3604,
3608,
3612,
3616,
3620,
3624,
3628,
3632,
3635,
3639,
3643,
3647,
3651,
3655,
3659,
3663,
3666,
3670,
3674,
3678,
3682,
3686,
3690,
3694,
3698,
3701,
3705,
3709,
3713,
3717,
3721,
3725,
3729,
3732,
3736,
3740,
3744,
3748,
3752,
3756,
3760,
3763,
3767,
3771,
3775,
3779,
3783,
3787,
3790,
3794,
3798,
3802,
3806,
3810,
3814,
3817,
3821,
3825,
3829,
3833,
3837,
3841,
3845,
3848,
3852,
3856,
3860,
3864,
3868,
3871,
3875,
3879,
3883,
3887,
3891,
3895,
3898,
3902,
3906,
3910,
3914,
3918,
3922,
3925,
3929,
3933,
3937,
3941,
3945,
3948,
3952,
3956,
3960,
3964,
3968,
3971,
3975,
3979,
3983,
3987,
3991,
3995,
3998,
4002,
4006,
4010,
4014,
4018,
4021,
4025,
4029,
4033,
4037,
4040,
4044,
4048,
4052,
4056,
4060,
4063,
4067,
4071,
4075,
4079,
4083,
4086,
4090,
4094,
4098,
4102,
4105,
4109,
4113,
4117,
4121,
4125,
4128,
4132,
4136,
4140,
4144,
4147,
4151,
4155,
4159,
4163,
4166,
4170,
4174,
4178,
4182,
4186,
4189,
4193,
4197,
4201,
4205,
4208,
4212,
4216,
4220,
4224,
4227,
4231,
4235,
4239,
4243,
4246,
4250,
4254,
4258,
4261,
4265,
4269,
4273,
4277,
4280,
4284,
4288,
4292,
4296,
4299,
4303,
4307,
4311,
4315,
4318,
4322,
4326,
4330,
4333,
4337,
4341,
4345,
4349,
4352,
4356,
4360,
4364,
4367,
4371,
4375,
4379,
4383,
4386,
4390,
4394,
4398,
4401,
4405,
4409,
4413,
4416,
4420,
4424,
4428,
4431,
4435,
4439,
4443,
4447,
4450,
4454,
4458,
4462,
4465,
4469,
4473,
4477,
4480,
4484,
4488,
4492,
4495,
4499,
4503,
4507,
4510,
4514,
4518,
4522,
4525,
4529,
4533,
4537,
4540,
4544,
4548,
4552,
4555,
4559,
4563,
4567,
4570,
4574,
4578,
4582,
4585,
4589,
4593,
4596,
4600,
4604,
4608,
4611,
4615,
4619,
4623,
4626,
4630,
4634,
4637,
4641,
4645,
4649,
4652,
4656,
4660,
4664,
4667,
4671,
4675,
4678,
4682,
4686,
4690,
4693,
4697,
4701,
4704,
4708,
4712,
4716,
4719,
4723,
4727,
4730,
4734,
4738,
4742,
4745,
4749,
4753,
4756,
4760,
4764,
4768,
4771,
4775,
4779,
4782,
4786,
4790,
4793,
4797,
4801,
4804,
4808,
4812,
4816,
4819,
4823,
4827,
4830,
4834,
4838,
4841,
4845,
4849,
4852,
4856,
4860,
4864,
4867,
4871,
4875,
4878,
4882,
4886,
4889,
4893,
4897,
4900,
4904,
4908,
4911,
4915,
4919,
4922,
4926,
4930,
4933,
4937,
4941,
4944,
4948,
4952,
4955,
4959,
4963,
4966,
4970,
4974,
4977,
4981,
4985,
4988,
4992,
4996,
4999,
5003,
5007,
5010,
5014,
5018,
5021,
5025,
5029,
5032,
5036,
5040,
5043,
5047,
5050,
5054,
5058,
5061,
5065,
5069,
5072,
5076,
5080,
5083,
5087,
5091,
5094,
5098,
5101,
5105,
5109,
5112,
5116,
5120,
5123,
5127,
5131,
5134,
5138,
5141,
5145,
5149,
5152,
5156,
5160,
5163,
5167,
5170,
5174,
5178,
5181,
5185,
5189,
5192,
5196,
5199,
5203,
5207,
5210,
5214,
5217,
5221,
5225,
5228,
5232,
5236,
5239,
5243,
5246,
5250,
5254,
5257,
5261,
5264,
5268,
5272,
5275,
5279,
5282,
5286,
5290,
5293,
5297,
5300,
5304,
5308,
5311,
5315,
5318,
5322,
5325,
5329,
5333,
5336,
5340,
5343,
5347,
5351,
5354,
5358,
5361,
5365,
5368,
5372,
5376,
5379,
5383,
5386,
5390,
5394,
5397,
5401,
5404,
5408,
5411,
5415,
5419,
5422,
5426,
5429,
5433,
5436,
5440,
5443,
5447,
5451,
5454,
5458,
5461,
5465,
5468,
5472,
5476,
5479,
5483,
5486,
5490,
5493,
5497,
5500,
5504,
5507,
5511,
5515,
5518,
5522,
5525,
5529,
5532,
5536,
5539,
5543,
5546,
5550,
5554,
5557,
5561,
5564,
5568,
5571,
5575,
5578,
5582,
5585,
5589,
5592,
5596,
5599,
5603,
5607,
5610,
5614,
5617,
5621,
5624,
5628,
5631,
5635,
5638,
5642,
5645,
5649,
5652,
5656,
5659,
5663,
5666,
5670,
5673,
5677,
5680,
5684,
5687,
5691,
5694,
5698,
5701,
5705,
5708,
5712,
5715,
5719,
5722,
5726,
5729,
5733,
5736,
5740,
5743,
5747,
5750,
5754,
5757,
5761,
5764,
5768,
5771,
5775,
5778,
5782,
5785,
5789,
5792,
5796,
5799,
5803,
5806,
5810,
5813,
5817,
5820,
5824,
5827,
5830,
5834,
5837,
5841,
5844,
5848,
5851,
5855,
5858,
5862,
5865,
5869,
5872,
5876,
5879,
5882,
5886,
5889,
5893,
5896,
5900,
5903,
5907,
5910,
5914,
5917,
5920,
5924,
5927,
5931,
5934,
5938,
5941,
5945,
5948,
5951,
5955,
5958,
5962,
5965,
5969,
5972,
5976,
5979,
5982,
5986,
5989,
5993,
5996,
6000,
6003,
6006,
6010,
6013,
6017,
6020,
6024,
6027,
6030,
6034,
6037,
6041,
6044,
6047,
6051,
6054,
6058,
6061,
6065,
6068,
6071,
6075,
6078,
6082,
6085,
6088,
6092,
6095,
6099,
6102,
6105,
6109,
6112,
6116,
6119,
6122,
6126,
6129,
6133,
6136,
6139,
6143,
6146,
6150,
6153,
6156,
6160,
6163,
6166,
6170,
6173,
6177,
6180,
6183,
6187,
6190,
6194,
6197,
6200,
6204,
6207,
6210,
6214,
6217,
6221,
6224,
6227,
6231,
6234,
6237,
6241,
6244,
6247,
6251,
6254,
6258,
6261,
6264,
6268,
6271,
6274,
6278,
6281,
6284,
6288,
6291,
6294,
6298,
6301,
6305,
6308,
6311,
6315,
6318,
6321,
6325,
6328,
6331,
6335,
6338,
6341,
6345,
6348,
6351,
6355,
6358,
6361,
6365,
6368,
6371,
6375,
6378,
6381,
6385,
6388,
6391,
6395,
6398,
6401,
6405,
6408,
6411,
6414,
6418,
6421,
6424,
6428,
6431,
6434,
6438,
6441,
6444,
6448,
6451,
6454,
6458,
6461,
6464,
6467,
6471,
6474,
6477,
6481,
6484,
6487,
6491,
6494,
6497,
6500,
6504,
6507,
6510,
6514,
6517,
6520,
6523,
6527,
6530,
6533,
6537,
6540,
6543,
6546,
6550,
6553,
6556,
6560,
6563,
6566,
6569,
6573,
6576,
6579,
6582,
6586,
6589,
6592,
6595,
6599,
6602,
6605,
6609,
6612,
6615,
6618,
6622,
6625,
6628,
6631,
6635,
6638,
6641,
6644,
6648,
6651,
6654,
6657,
6661,
6664,
6667,
6670,
6674,
6677,
6680,
6683,
6686,
6690,
6693,
6696,
6699,
6703,
6706,
6709,
6712,
6716,
6719,
6722,
6725,
6728,
6732,
6735,
6738,
6741,
6745,
6748,
6751,
6754,
6757,
6761,
6764,
6767,
6770,
6774,
6777,
6780,
6783,
6786,
6790,
6793,
6796,
6799,
6802,
6806,
6809,
6812,
6815,
6818,
6822,
6825,
6828,
6831,
6834,
6838,
6841,
6844,
6847,
6850,
6853,
6857,
6860,
6863,
6866,
6869,
6873,
6876,
6879,
6882,
6885,
6888,
6892,
6895,
6898,
6901,
6904,
6907,
6911,
6914,
6917,
6920,
6923,
6926,
6930,
6933,
6936,
6939,
6942,
6945,
6949,
6952,
6955,
6958,
6961,
6964,
6967,
6971,
6974,
6977,
6980,
6983,
6986,
6989,
6993,
6996,
6999,
7002,
7005,
7008,
7011,
7015,
7018,
7021,
7024,
7027,
7030,
7033,
7036,
7040,
7043,
7046,
7049,
7052,
7055,
7058,
7061,
7065,
7068,
7071,
7074,
7077,
7080,
7083,
7086,
7089,
7093,
7096,
7099,
7102,
7105,
7108,
7111,
7114,
7117,
7121,
7124,
7127,
7130,
7133,
7136,
7139,
7142,
7145,
7148,
7151,
7155,
7158,
7161,
7164,
7167,
7170,
7173,
7176,
7179,
7182,
7185,
7188,
7191,
7195,
7198,
7201,
7204,
7207,
7210,
7213,
7216,
7219,
7222,
7225,
7228,
7231,
7234,
7237,
7241,
7244,
7247,
7250,
7253,
7256,
7259,
7262,
7265,
7268,
7271,
7274,
7277,
7280,
7283,
7286,
7289,
7292,
7295,
7298,
7301,
7304,
7308,
7311,
7314,
7317,
7320,
7323,
7326,
7329,
7332,
7335,
7338,
7341,
7344,
7347,
7350,
7353,
7356,
7359,
7362,
7365,
7368,
7371,
7374,
7377,
7380,
7383,
7386,
7389,
7392,
7395,
7398,
7401,
7404,
7407,
7410,
7413,
7416,
7419,
7422,
7425,
7428,
7431,
7434,
7437,
7440,
7443,
7446,
7449,
7452,
7455,
7458,
7461,
7464,
7467,
7470,
7473,
7476,
7479,
7482,
7485,
7488,
7491,
7493,
7496,
7499,
7502,
7505,
7508,
7511,
7514,
7517,
7520,
7523,
7526,
7529,
7532,
7535,
7538,
7541,
7544,
7547,
7550,
7553,
7556,
7558,
7561,
7564,
7567,
7570,
7573,
7576,
7579,
7582,
7585,
7588,
7591,
7594,
7597,
7600,
7602,
7605,
7608,
7611,
7614,
7617,
7620,
7623,
7626,
7629,
7632,
7635,
7637,
7640,
7643,
7646,
7649,
7652,
7655,
7658,
7661,
7664,
7667,
7669,
7672,
7675,
7678,
7681,
7684,
7687,
7690,
7693,
7695,
7698,
7701,
7704,
7707,
7710,
7713,
7716,
7719,
7721,
7724,
7727,
7730,
7733,
7736,
7739,
7742,
7744,
7747,
7750,
7753,
7756,
7759,
7762,
7764,
7767,
7770,
7773,
7776,
7779,
7782,
7784,
7787,
7790,
7793,
7796,
7799,
7802,
7804,
7807,
7810,
7813,
7816,
7819,
7821,
7824,
7827,
7830,
7833,
7836,
7838,
7841,
7844,
7847,
7850,
7853,
7855,
7858,
7861,
7864,
7867,
7870,
7872,
7875,
7878,
7881,
7884,
7886,
7889,
7892,
7895,
7898,
7900,
7903,
7906,
7909,
7912,
7914,
7917,
7920,
7923,
7926,
7928,
7931,
7934,
7937,
7940,
7942,
7945,
7948,
7951,
7954,
7956,
7959,
7962,
7965,
7967,
7970,
7973,
7976,
7979,
7981,
7984,
7987,
7990,
7992,
7995,
7998,
8001,
8003,
8006,
8009,
8012,
8015,
8017,
8020,
8023,
8026,
8028,
8031,
8034,
8037,
8039,
8042,
8045,
8048,
8050,
8053,
8056,
8058,
8061,
8064,
8067,
8069,
8072,
8075,
8078,
8080,
8083,
8086,
8089,
8091,
8094,
8097,
8099,
8102,
8105,
8108,
8110,
8113,
8116,
8118,
8121,
8124,
8127,
8129,
8132,
8135,
8137,
8140,
8143,
8146,
8148,
8151,
8154,
8156,
8159,
8162,
8164,
8167,
8170,
8172,
8175,
8178,
8181,
8183,
8186,
8189,
8191,
8194,
8197,
8199,
8202,
8205,
8207,
8210,
8213,
8215,
8218,
8221,
8223,
8226,
8229,
8231,
8234,
8237,
8239,
8242,
8245,
8247,
8250,
8253,
8255,
8258,
8261,
8263,
8266,
8268,
8271,
8274,
8276,
8279,
8282,
8284,
8287,
8290,
8292,
8295,
8298,
8300,
8303,
8305,
8308,
8311,
8313,
8316,
8319,
8321,
8324,
8326,
8329,
8332,
8334,
8337,
8339,
8342,
8345,
8347,
8350,
8353,
8355,
8358,
8360,
8363,
8366,
8368,
8371,
8373,
8376,
8379,
8381,
8384,
8386,
8389,
8391,
8394,
8397,
8399,
8402,
8404,
8407,
8410,
8412,
8415,
8417,
8420,
8422,
8425,
8428,
8430,
8433,
8435,
8438,
8440,
8443,
8446,
8448,
8451,
8453,
8456,
8458,
8461,
8463,
8466,
8469,
8471,
8474,
8476,
8479,
8481,
8484,
8486,
8489,
8491,
8494,
8497,
8499,
8502,
8504,
8507,
8509,
8512,
8514,
8517,
8519,
8522,
8524,
8527,
8529,
8532,
8534,
8537,
8539,
8542,
8545,
8547,
8550,
8552,
8555,
8557,
8560,
8562,
8565,
8567,
8570,
8572,
8575,
8577,
8580,
8582,
8585,
8587,
8590,
8592,
8595,
8597,
8599,
8602,
8604,
8607,
8609,
8612,
8614,
8617,
8619,
8622,
8624,
8627,
8629,
8632,
8634,
8637,
8639,
8642,
8644,
8646,
8649,
8651,
8654,
8656,
8659,
8661,
8664,
8666,
8669,
8671,
8673,
8676,
8678,
8681,
8683,
8686,
8688,
8691,
8693,
8695,
8698,
8700,
8703,
8705,
8708,
8710,
8712,
8715,
8717,
8720,
8722,
8725,
8727,
8729,
8732,
8734,
8737,
8739,
8741,
8744,
8746,
8749,
8751,
8754,
8756,
8758,
8761,
8763,
8766,
8768,
8770,
8773,
8775,
8778,
8780,
8782,
8785,
8787,
8789,
8792,
8794,
8797,
8799,
8801,
8804,
8806,
8809,
8811,
8813,
8816,
8818,
8820,
8823,
8825,
8827,
8830,
8832,
8835,
8837,
8839,
8842,
8844,
8846,
8849,
8851,
8853,
8856,
8858,
8860,
8863,
8865,
8867,
8870,
8872,
8875,
8877,
8879,
8882,
8884,
8886,
8889,
8891,
8893,
8895,
8898,
8900,
8902,
8905,
8907,
8909,
8912,
8914,
8916,
8919,
8921,
8923,
8926,
8928,
8930,
8933,
8935,
8937,
8939,
8942,
8944,
8946,
8949,
8951,
8953,
8956,
8958,
8960,
8962,
8965,
8967,
8969,
8972,
8974,
8976,
8978,
8981,
8983,
8985,
8988,
8990,
8992,
8994,
8997,
8999,
9001,
9003,
9006,
9008,
9010,
9012,
9015,
9017,
9019,
9021,
9024,
9026,
9028,
9031,
9033,
9035,
9037,
9039,
9042,
9044,
9046,
9048,
9051,
9053,
9055,
9057,
9060,
9062,
9064,
9066,
9069,
9071,
9073,
9075,
9077,
9080,
9082,
9084,
9086,
9089,
9091,
9093,
9095,
9097,
9100,
9102,
9104,
9106,
9108,
9111,
9113,
9115,
9117,
9119,
9122,
9124,
9126,
9128,
9130,
9133,
9135,
9137,
9139,
9141,
9143,
9146,
9148,
9150,
9152,
9154,
9157,
9159,
9161,
9163,
9165,
9167,
9170,
9172,
9174,
9176,
9178,
9180,
9183,
9185,
9187,
9189,
9191,
9193,
9195,
9198,
9200,
9202,
9204,
9206,
9208,
9210,
9213,
9215,
9217,
9219,
9221,
9223,
9225,
9228,
9230,
9232,
9234,
9236,
9238,
9240,
9242,
9245,
9247,
9249,
9251,
9253,
9255,
9257,
9259,
9261,
9264,
9266,
9268,
9270,
9272,
9274,
9276,
9278,
9280,
9282,
9284,
9287,
9289,
9291,
9293,
9295,
9297,
9299,
9301,
9303,
9305,
9307,
9309,
9312,
9314,
9316,
9318,
9320,
9322,
9324,
9326,
9328,
9330,
9332,
9334,
9336,
9338,
9340,
9343,
9345,
9347,
9349,
9351,
9353,
9355,
9357,
9359,
9361,
9363,
9365,
9367,
9369,
9371,
9373,
9375,
9377,
9379,
9381,
9383,
9385,
9387,
9389,
9391,
9393,
9395,
9397,
9399,
9401,
9403,
9406,
9408,
9410,
9412,
9414,
9416,
9418,
9420,
9422,
9424,
9426,
9428,
9430,
9432,
9434,
9436,
9438,
9439,
9441,
9443,
9445,
9447,
9449,
9451,
9453,
9455,
9457,
9459,
9461,
9463,
9465,
9467,
9469,
9471,
9473,
9475,
9477,
9479,
9481,
9483,
9485,
9487,
9489,
9491,
9493,
9495,
9497,
9498,
9500,
9502,
9504,
9506,
9508,
9510,
9512,
9514,
9516,
9518,
9520,
9522,
9524,
9526,
9527,
9529,
9531,
9533,
9535,
9537,
9539,
9541,
9543,
9545,
9547,
9549,
9550,
9552,
9554,
9556,
9558,
9560,
9562,
9564,
9566,
9568,
9569,
9571,
9573,
9575,
9577,
9579,
9581,
9583,
9585,
9586,
9588,
9590,
9592,
9594,
9596,
9598,
9600,
9601,
9603,
9605,
9607,
9609,
9611,
9613,
9615,
9616,
9618,
9620,
9622,
9624,
9626,
9628,
9629,
9631,
9633,
9635,
9637,
9639,
9640,
9642,
9644,
9646,
9648,
9650,
9651,
9653,
9655,
9657,
9659,
9661,
9662,
9664,
9666,
9668,
9670,
9671,
9673,
9675,
9677,
9679,
9681,
9682,
9684,
9686,
9688,
9690,
9691,
9693,
9695,
9697,
9699,
9700,
9702,
9704,
9706,
9708,
9709,
9711,
9713,
9715,
9716,
9718,
9720,
9722,
9724,
9725,
9727,
9729,
9731,
9732,
9734,
9736,
9738,
9739,
9741,
9743,
9745,
9746,
9748,
9750,
9752,
9753,
9755,
9757,
9759,
9760,
9762,
9764,
9766,
9767,
9769,
9771,
9773,
9774,
9776,
9778,
9780,
9781,
9783,
9785,
9786,
9788,
9790,
9792,
9793,
9795,
9797,
9799,
9800,
9802,
9804,
9805,
9807,
9809,
9810,
9812,
9814,
9816,
9817,
9819,
9821,
9822,
9824,
9826,
9827,
9829,
9831,
9832,
9834,
9836,
9838,
9839,
9841,
9843,
9844,
9846,
9848,
9849,
9851,
9853,
9854,
9856,
9858,
9859,
9861,
9863,
9864,
9866,
9867,
9869,
9871,
9872,
9874,
9876,
9877,
9879,
9881,
9882,
9884,
9886,
9887,
9889,
9890,
9892,
9894,
9895,
9897,
9899,
9900,
9902,
9904,
9905,
9907,
9908,
9910,
9912,
9913,
9915,
9916,
9918,
9920,
9921,
9923,
9924,
9926,
9928,
9929,
9931,
9932,
9934,
9936,
9937,
9939,
9940,
9942,
9944,
9945,
9947,
9948,
9950,
9951,
9953,
9955,
9956,
9958,
9959,
9961,
9962,
9964,
9966,
9967,
9969,
9970,
9972,
9973,
9975,
9977,
9978,
9980,
9981,
9983,
9984,
9986,
9987,
9989,
9990,
9992,
9994,
9995,
9997,
9998,
10000,
10001,
10003,
10004,
10006,
10007,
10009,
10010,
10012,
10013,
10015,
10016,
10018,
10019,
10021,
10022,
10024,
10026,
10027,
10029,
10030,
10032,
10033,
10035,
10036,
10038,
10039,
10041,
10042,
10043,
10045,
10046,
10048,
10049,
10051,
10052,
10054,
10055,
10057,
10058,
10060,
10061,
10063,
10064,
10066,
10067,
10069,
10070,
10072,
10073,
10074,
10076,
10077,
10079,
10080,
10082,
10083,
10085,
10086,
10087,
10089,
10090,
10092,
10093,
10095,
10096,
10098,
10099,
10100,
10102,
10103,
10105,
10106,
10108,
10109,
10110,
10112,
10113,
10115,
10116,
10118,
10119,
10120,
10122,
10123,
10125,
10126,
10127,
10129,
10130,
10132,
10133,
10134,
10136,
10137,
10139,
10140,
10141,
10143,
10144,
10145,
10147,
10148,
10150,
10151,
10152,
10154,
10155,
10157,
10158,
10159,
10161,
10162,
10163,
10165,
10166,
10167,
10169,
10170,
10172,
10173,
10174,
10176,
10177,
10178,
10180,
10181,
10182,
10184,
10185,
10186,
10188,
10189,
10190,
10192,
10193,
10194,
10196,
10197,
10198,
10200,
10201,
10202,
10204,
10205,
10206,
10208,
10209,
10210,
10211,
10213,
10214,
10215,
10217,
10218,
10219,
10221,
10222,
10223,
10225,
10226,
10227,
10228,
10230,
10231,
10232,
10234,
10235,
10236,
10237,
10239,
10240,
10241,
10243,
10244,
10245,
10246,
10248,
10249,
10250,
10251,
10253,
10254,
10255,
10256,
10258,
10259,
10260,
10261,
10263,
10264,
10265,
10266,
10268,
10269,
10270,
10271,
10273,
10274,
10275,
10276,
10278,
10279,
10280,
10281,
10283,
10284,
10285,
10286,
10287,
10289,
10290,
10291,
10292,
10293,
10295,
10296,
10297,
10298,
10300,
10301,
10302,
10303,
10304,
10306,
10307,
10308,
10309,
10310,
10311,
10313,
10314,
10315,
10316,
10317,
10319,
10320,
10321,
10322,
10323,
10324,
10326,
10327,
10328,
10329,
10330,
10332,
10333,
10334,
10335,
10336,
10337,
10338,
10340,
10341,
10342,
10343,
10344,
10345,
10347,
10348,
10349,
10350,
10351,
10352,
10353,
10354,
10356,
10357,
10358,
10359,
10360,
10361,
10362,
10363,
10365,
10366,
10367,
10368,
10369,
10370,
10371,
10372,
10374,
10375,
10376,
10377,
10378,
10379,
10380,
10381,
10382,
10383,
10385,
10386,
10387,
10388,
10389,
10390,
10391,
10392,
10393,
10394,
10395,
10396,
10398,
10399,
10400,
10401,
10402,
10403,
10404,
10405,
10406,
10407,
10408,
10409,
10410,
10411,
10412,
10413,
10415,
10416,
10417,
10418,
10419,
10420,
10421,
10422,
10423,
10424,
10425,
10426,
10427,
10428,
10429,
10430,
10431,
10432,
10433,
10434,
10435,
10436,
10437,
10438,
10439,
10440,
10441,
10442,
10443,
10444,
10445,
10446,
10447,
10448,
10449,
10450,
10451,
10452,
10453,
10454,
10455,
10456,
10457,
10458,
10459,
10460,
10461,
10462,
10463,
10464,
10465,
10466,
10467,
10468,
10469,
10470,
10471,
10472,
10473,
10474,
10475,
10476,
10477,
10478,
10479,
10479,
10480,
10481,
10482,
10483,
10484,
10485,
10486,
10487,
10488,
10489,
10490,
10491,
10492,
10493,
10494,
10494,
10495,
10496,
10497,
10498,
10499,
10500,
10501,
10502,
10503,
10504,
10505,
10505,
10506,
10507,
10508,
10509,
10510,
10511,
10512,
10513,
10514,
10514,
10515,
10516,
10517,
10518,
10519,
10520,
10521,
10522,
10522,
10523,
10524,
10525,
10526,
10527,
10528,
10528,
10529,
10530,
10531,
10532,
10533,
10534,
10535,
10535,
10536,
10537,
10538,
10539,
10540,
10540,
10541,
10542,
10543,
10544,
10545,
10546,
10546,
10547,
10548,
10549,
10550,
10550,
10551,
10552,
10553,
10554,
10555,
10555,
10556,
10557,
10558,
10559,
10559,
10560,
10561,
10562,
10563,
10564,
10564,
10565,
10566,
10567,
10567,
10568,
10569,
10570,
10571,
10571,
10572,
10573,
10574,
10575,
10575,
10576,
10577,
10578,
10578,
10579,
10580,
10581,
10582,
10582,
10583,
10584,
10585,
10585,
10586,
10587,
10588,
10588,
10589,
10590,
10591,
10591,
10592,
10593,
10594,
10594,
10595,
10596,
10597,
10597,
10598,
10599,
10599,
10600,
10601,
10602,
10602,
10603,
10604,
10604,
10605,
10606,
10607,
10607,
10608,
10609,
10609,
10610,
10611,
10612,
10612,
10613,
10614,
10614,
10615,
10616,
10616,
10617,
10618,
10619,
10619,
10620,
10621,
10621,
10622,
10623,
10623,
10624,
10625,
10625,
10626,
10627,
10627,
10628,
10629,
10629,
10630,
10631,
10631,
10632,
10633,
10633,
10634,
10635,
10635,
10636,
10636,
10637,
10638,
10638,
10639,
10640,
10640,
10641,
10642,
10642,
10643,
10643,
10644,
10645,
10645,
10646,
10647,
10647,
10648,
10648,
10649,
10650,
10650,
10651,
10651,
10652,
10653,
10653,
10654,
10654,
10655,
10656,
10656,
10657,
10657,
10658,
10659,
10659,
10660,
10660,
10661,
10662,
10662,
10663,
10663,
10664,
10664,
10665,
10666,
10666,
10667,
10667,
10668,
10668,
10669,
10669,
10670,
10671,
10671,
10672,
10672,
10673,
10673,
10674,
10674,
10675,
10676,
10676,
10677,
10677,
10678,
10678,
10679,
10679,
10680,
10680,
10681,
10681,
10682,
10682,
10683,
10683,
10684,
10684,
10685,
10685,
10686,
10687,
10687,
10688,
10688,
10689,
10689,
10690,
10690,
10691,
10691,
10692,
10692,
10692,
10693,
10693,
10694,
10694,
10695,
10695,
10696,
10696,
10697,
10697,
10698,
10698,
10699,
10699,
10700,
10700,
10701,
10701,
10701,
10702,
10702,
10703,
10703,
10704,
10704,
10705,
10705,
10706,
10706,
10706,
10707,
10707,
10708,
10708,
10709,
10709,
10709,
10710,
10710,
10711,
10711,
10712,
10712,
10712,
10713,
10713,
10714,
10714,
10715,
10715,
10715,
10716,
10716,
10717,
10717,
10717,
10718,
10718,
10719,
10719,
10719,
10720,
10720,
10721,
10721,
10721,
10722,
10722,
10722,
10723,
10723,
10724,
10724,
10724,
10725,
10725,
10725,
10726,
10726,
10727,
10727,
10727,
10728,
10728,
10728,
10729,
10729,
10729,
10730,
10730,
10730,
10731,
10731,
10731,
10732,
10732,
10732,
10733,
10733,
10733,
10734,
10734,
10734,
10735,
10735,
10735,
10736,
10736,
10736,
10737,
10737,
10737,
10738,
10738,
10738,
10739,
10739,
10739,
10739,
10740,
10740,
10740,
10741,
10741,
10741,
10741,
10742,
10742,
10742,
10743,
10743,
10743,
10743,
10744,
10744,
10744,
10745,
10745,
10745,
10745,
10746,
10746,
10746,
10746,
10747,
10747,
10747,
10747,
10748,
10748,
10748,
10748,
10749,
10749,
10749,
10749,
10750,
10750,
10750,
10750,
10751,
10751,
10751,
10751,
10752,
10752,
10752,
10752,
10752,
10753,
10753,
10753,
10753,
10754,
10754,
10754,
10754,
10754,
10755,
10755,
10755,
10755,
10755,
10756,
10756,
10756,
10756,
10756,
10757,
10757,
10757,
10757,
10757,
10758,
10758,
10758,
10758,
10758,
10758,
10759,
10759,
10759,
10759,
10759,
10759,
10760,
10760,
10760,
10760,
10760,
10760,
10761,
10761,
10761,
10761,
10761,
10761,
10761,
10762,
10762,
10762,
10762,
10762,
10762,
10762,
10763,
10763,
10763,
10763,
10763,
10763,
10763,
10763,
10764,
10764,
10764,
10764,
10764,
10764,
10764,
10764,
10764,
10765,
10765,
10765,
10765,
10765,
10765,
10765,
10765,
10765,
10765,
10766,
10766,
10766,
10766,
10766,
10766,
10766,
10766,
10766,
10766,
10766,
10766,
10766,
10767,
10767,
10767,
10767,
10767,
10767,
10767,
10767,
10767,
10767,
10767,
10767,
10767,
10767,
10767,
10767,
10767,
10767,
10768,
10768,
10768,
10768,
10768,
10768,
10768,
10768,
10768,
10768,
10768,
10768,
10768,
10768,
10768,
10768,
10768,
10768,
10768,
10768,
10768,
10768,
10768,
10768,
10768,
10768,
10768,
10768,
10768,
10768,
10768,
10768,
10768,
10768,
10768,
10768,
10768,
10768,
10768,
10768,
10768,
10768,
10768,
10768,
10768,
10768,
10768,
10768,
10768,
10768,
10768,
10767,
10767,
10767,
10767,
10767,
10767,
10767,
10767,
10767,
10767,
10767,
10767,
10767,
10767,
10767,
10767,
10767,
10767,
10766,
10766,
10766,
10766,
10766,
10766,
10766,
10766,
10766,
10766,
10766,
10766,
10766,
10765,
10765,
10765,
10765,
10765,
10765,
10765,
10765,
10765,
10765,
10764,
10764,
10764,
10764,
10764,
10764,
10764,
10764,
10764,
10763,
10763,
10763,
10763,
10763,
10763,
10763,
10763,
10762,
10762,
10762,
10762,
10762,
10762,
10762,
10761,
10761,
10761,
10761,
10761,
10761,
10761,
10760,
10760,
10760,
10760,
10760,
10760,
10759,
10759,
10759,
10759,
10759,
10759,
10758,
10758,
10758,
10758,
10758,
10758,
10757,
10757,
10757,
10757,
10757,
10756,
10756,
10756,
10756,
10756,
10755,
10755,
10755,
10755,
10755,
10754,
10754,
10754,
10754,
10754,
10753,
10753,
10753,
10753,
10752,
10752,
10752,
10752,
10752,
10751,
10751,
10751,
10751,
10750,
10750,
10750,
10750,
10749,
10749,
10749,
10749,
10748,
10748,
10748,
10748,
10747,
10747,
10747,
10747,
10746,
10746,
10746,
10746,
10745,
10745,
10745,
10745,
10744,
10744,
10744,
10743,
10743,
10743,
10743,
10742,
10742,
10742,
10741,
10741,
10741,
10741,
10740,
10740,
10740,
10739,
10739,
10739,
10739,
10738,
10738,
10738,
10737,
10737,
10737,
10736,
10736,
10736,
10735,
10735,
10735,
10734,
10734,
10734,
10733,
10733,
10733,
10732,
10732,
10732,
10731,
10731,
10731,
10730,
10730,
10730,
10729,
10729,
10729,
10728,
10728,
10728,
10727,
10727,
10727,
10726,
10726,
10725,
10725,
10725,
10724,
10724,
10724,
10723,
10723,
10722,
10722,
10722,
10721,
10721,
10721,
10720,
10720,
10719,
10719,
10719,
10718,
10718,
10717,
10717,
10717,
10716,
10716,
10715,
10715,
10715,
10714,
10714,
10713,
10713,
10712,
10712,
10712,
10711,
10711,
10710,
10710,
10709,
10709,
10709,
10708,
10708,
10707,
10707,
10706,
10706,
10706,
10705,
10705,
10704,
10704,
10703,
10703,
10702,
10702,
10701,
10701,
10701,
10700,
10700,
10699,
10699,
10698,
10698,
10697,
10697,
10696,
10696,
10695,
10695,
10694,
10694,
10693,
10693,
10692,
10692,
10692,
10691,
10691,
10690,
10690,
10689,
10689,
10688,
10688,
10687,
10687,
10686,
10685,
10685,
10684,
10684,
10683,
10683,
10682,
10682,
10681,
10681,
10680,
10680,
10679,
10679,
10678,
10678,
10677,
10677,
10676,
10676,
10675,
10674,
10674,
10673,
10673,
10672,
10672,
10671,
10671,
10670,
10669,
10669,
10668,
10668,
10667,
10667,
10666,
10666,
10665,
10664,
10664,
10663,
10663,
10662,
10662,
10661,
10660,
10660,
10659,
10659,
10658,
10657,
10657,
10656,
10656,
10655,
10654,
10654,
10653,
10653,
10652,
10651,
10651,
10650,
10650,
10649,
10648,
10648,
10647,
10647,
10646,
10645,
10645,
10644,
10643,
10643,
10642,
10642,
10641,
10640,
10640,
10639,
10638,
10638,
10637,
10636,
10636,
10635,
10635,
10634,
10633,
10633,
10632,
10631,
10631,
10630,
10629,
10629,
10628,
10627,
10627,
10626,
10625,
10625,
10624,
10623,
10623,
10622,
10621,
10621,
10620,
10619,
10619,
10618,
10617,
10616,
10616,
10615,
10614,
10614,
10613,
10612,
10612,
10611,
10610,
10609,
10609,
10608,
10607,
10607,
10606,
10605,
10604,
10604,
10603,
10602,
10602,
10601,
10600,
10599,
10599,
10598,
10597,
10597,
10596,
10595,
10594,
10594,
10593,
10592,
10591,
10591,
10590,
10589,
10588,
10588,
10587,
10586,
10585,
10585,
10584,
10583,
10582,
10582,
10581,
10580,
10579,
10578,
10578,
10577,
10576,
10575,
10575,
10574,
10573,
10572,
10571,
10571,
10570,
10569,
10568,
10567,
10567,
10566,
10565,
10564,
10564,
10563,
10562,
10561,
10560,
10559,
10559,
10558,
10557,
10556,
10555,
10555,
10554,
10553,
10552,
10551,
10550,
10550,
10549,
10548,
10547,
10546,
10546,
10545,
10544,
10543,
10542,
10541,
10540,
10540,
10539,
10538,
10537,
10536,
10535,
10535,
10534,
10533,
10532,
10531,
10530,
10529,
10528,
10528,
10527,
10526,
10525,
10524,
10523,
10522,
10522,
10521,
10520,
10519,
10518,
10517,
10516,
10515,
10514,
10514,
10513,
10512,
10511,
10510,
10509,
10508,
10507,
10506,
10505,
10505,
10504,
10503,
10502,
10501,
10500,
10499,
10498,
10497,
10496,
10495,
10494,
10494,
10493,
10492,
10491,
10490,
10489,
10488,
10487,
10486,
10485,
10484,
10483,
10482,
10481,
10480,
10479,
10479,
10478,
10477,
10476,
10475,
10474,
10473,
10472,
10471,
10470,
10469,
10468,
10467,
10466,
10465,
10464,
10463,
10462,
10461,
10460,
10459,
10458,
10457,
10456,
10455,
10454,
10453,
10452,
10451,
10450,
10449,
10448,
10447,
10446,
10445,
10444,
10443,
10442,
10441,
10440,
10439,
10438,
10437,
10436,
10435,
10434,
10433,
10432,
10431,
10430,
10429,
10428,
10427,
10426,
10425,
10424,
10423,
10422,
10421,
10420,
10419,
10418,
10417,
10416,
10415,
10413,
10412,
10411,
10410,
10409,
10408,
10407,
10406,
10405,
10404,
10403,
10402,
10401,
10400,
10399,
10398,
10396,
10395,
10394,
10393,
10392,
10391,
10390,
10389,
10388,
10387,
10386,
10385,
10383,
10382,
10381,
10380,
10379,
10378,
10377,
10376,
10375,
10374,
10372,
10371,
10370,
10369,
10368,
10367,
10366,
10365,
10363,
10362,
10361,
10360,
10359,
10358,
10357,
10356,
10354,
10353,
10352,
10351,
10350,
10349,
10348,
10347,
10345,
10344,
10343,
10342,
10341,
10340,
10338,
10337,
10336,
10335,
10334,
10333,
10332,
10330,
10329,
10328,
10327,
10326,
10324,
10323,
10322,
10321,
10320,
10319,
10317,
10316,
10315,
10314,
10313,
10311,
10310,
10309,
10308,
10307,
10306,
10304,
10303,
10302,
10301,
10300,
10298,
10297,
10296,
10295,
10293,
10292,
10291,
10290,
10289,
10287,
10286,
10285,
10284,
10283,
10281,
10280,
10279,
10278,
10276,
10275,
10274,
10273,
10271,
10270,
10269,
10268,
10266,
10265,
10264,
10263,
10261,
10260,
10259,
10258,
10256,
10255,
10254,
10253,
10251,
10250,
10249,
10248,
10246,
10245,
10244,
10243,
10241,
10240,
10239,
10237,
10236,
10235,
10234,
10232,
10231,
10230,
10228,
10227,
10226,
10225,
10223,
10222,
10221,
10219,
10218,
10217,
10215,
10214,
10213,
10211,
10210,
10209,
10208,
10206,
10205,
10204,
10202,
10201,
10200,
10198,
10197,
10196,
10194,
10193,
10192,
10190,
10189,
10188,
10186,
10185,
10184,
10182,
10181,
10180,
10178,
10177,
10176,
10174,
10173,
10172,
10170,
10169,
10167,
10166,
10165,
10163,
10162,
10161,
10159,
10158,
10157,
10155,
10154,
10152,
10151,
10150,
10148,
10147,
10145,
10144,
10143,
10141,
10140,
10139,
10137,
10136,
10134,
10133,
10132,
10130,
10129,
10127,
10126,
10125,
10123,
10122,
10120,
10119,
10118,
10116,
10115,
10113,
10112,
10110,
10109,
10108,
10106,
10105,
10103,
10102,
10100,
10099,
10098,
10096,
10095,
10093,
10092,
10090,
10089,
10087,
10086,
10085,
10083,
10082,
10080,
10079,
10077,
10076,
10074,
10073,
10072,
10070,
10069,
10067,
10066,
10064,
10063,
10061,
10060,
10058,
10057,
10055,
10054,
10052,
10051,
10049,
10048,
10046,
10045,
10043,
10042,
10041,
10039,
10038,
10036,
10035,
10033,
10032,
10030,
10029,
10027,
10026,
10024,
10022,
10021,
10019,
10018,
10016,
10015,
10013,
10012,
10010,
10009,
10007,
10006,
10004,
10003,
10001,
10000,
9998,
9997,
9995,
9994,
9992,
9990,
9989,
9987,
9986,
9984,
9983,
9981,
9980,
9978,
9977,
9975,
9973,
9972,
9970,
9969,
9967,
9966,
9964,
9962,
9961,
9959,
9958,
9956,
9955,
9953,
9951,
9950,
9948,
9947,
9945,
9944,
9942,
9940,
9939,
9937,
9936,
9934,
9932,
9931,
9929,
9928,
9926,
9924,
9923,
9921,
9920,
9918,
9916,
9915,
9913,
9912,
9910,
9908,
9907,
9905,
9904,
9902,
9900,
9899,
9897,
9895,
9894,
9892,
9890,
9889,
9887,
9886,
9884,
9882,
9881,
9879,
9877,
9876,
9874,
9872,
9871,
9869,
9867,
9866,
9864,
9863,
9861,
9859,
9858,
9856,
9854,
9853,
9851,
9849,
9848,
9846,
9844,
9843,
9841,
9839,
9838,
9836,
9834,
9832,
9831,
9829,
9827,
9826,
9824,
9822,
9821,
9819,
9817,
9816,
9814,
9812,
9810,
9809,
9807,
9805,
9804,
9802,
9800,
9799,
9797,
9795,
9793,
9792,
9790,
9788,
9786,
9785,
9783,
9781,
9780,
9778,
9776,
9774,
9773,
9771,
9769,
9767,
9766,
9764,
9762,
9760,
9759,
9757,
9755,
9753,
9752,
9750,
9748,
9746,
9745,
9743,
9741,
9739,
9738,
9736,
9734,
9732,
9731,
9729,
9727,
9725,
9724,
9722,
9720,
9718,
9716,
9715,
9713,
9711,
9709,
9708,
9706,
9704,
9702,
9700,
9699,
9697,
9695,
9693,
9691,
9690,
9688,
9686,
9684,
9682,
9681,
9679,
9677,
9675,
9673,
9671,
9670,
9668,
9666,
9664,
9662,
9661,
9659,
9657,
9655,
9653,
9651,
9650,
9648,
9646,
9644,
9642,
9640,
9639,
9637,
9635,
9633,
9631,
9629,
9628,
9626,
9624,
9622,
9620,
9618,
9616,
9615,
9613,
9611,
9609,
9607,
9605,
9603,
9601,
9600,
9598,
9596,
9594,
9592,
9590,
9588,
9586,
9585,
9583,
9581,
9579,
9577,
9575,
9573,
9571,
9569,
9568,
9566,
9564,
9562,
9560,
9558,
9556,
9554,
9552,
9550,
9549,
9547,
9545,
9543,
9541,
9539,
9537,
9535,
9533,
9531,
9529,
9527,
9526,
9524,
9522,
9520,
9518,
9516,
9514,
9512,
9510,
9508,
9506,
9504,
9502,
9500,
9498,
9497,
9495,
9493,
9491,
9489,
9487,
9485,
9483,
9481,
9479,
9477,
9475,
9473,
9471,
9469,
9467,
9465,
9463,
9461,
9459,
9457,
9455,
9453,
9451,
9449,
9447,
9445,
9443,
9441,
9439,
9438,
9436,
9434,
9432,
9430,
9428,
9426,
9424,
9422,
9420,
9418,
9416,
9414,
9412,
9410,
9408,
9406,
9403,
9401,
9399,
9397,
9395,
9393,
9391,
9389,
9387,
9385,
9383,
9381,
9379,
9377,
9375,
9373,
9371,
9369,
9367,
9365,
9363,
9361,
9359,
9357,
9355,
9353,
9351,
9349,
9347,
9345,
9343,
9340,
9338,
9336,
9334,
9332,
9330,
9328,
9326,
9324,
9322,
9320,
9318,
9316,
9314,
9312,
9309,
9307,
9305,
9303,
9301,
9299,
9297,
9295,
9293,
9291,
9289,
9287,
9284,
9282,
9280,
9278,
9276,
9274,
9272,
9270,
9268,
9266,
9264,
9261,
9259,
9257,
9255,
9253,
9251,
9249,
9247,
9245,
9242,
9240,
9238,
9236,
9234,
9232,
9230,
9228,
9225,
9223,
9221,
9219,
9217,
9215,
9213,
9210,
9208,
9206,
9204,
9202,
9200,
9198,
9195,
9193,
9191,
9189,
9187,
9185,
9183,
9180,
9178,
9176,
9174,
9172,
9170,
9167,
9165,
9163,
9161,
9159,
9157,
9154,
9152,
9150,
9148,
9146,
9143,
9141,
9139,
9137,
9135,
9133,
9130,
9128,
9126,
9124,
9122,
9119,
9117,
9115,
9113,
9111,
9108,
9106,
9104,
9102,
9100,
9097,
9095,
9093,
9091,
9089,
9086,
9084,
9082,
9080,
9077,
9075,
9073,
9071,
9069,
9066,
9064,
9062,
9060,
9057,
9055,
9053,
9051,
9048,
9046,
9044,
9042,
9039,
9037,
9035,
9033,
9031,
9028,
9026,
9024,
9021,
9019,
9017,
9015,
9012,
9010,
9008,
9006,
9003,
9001,
8999,
8997,
8994,
8992,
8990,
8988,
8985,
8983,
8981,
8978,
8976,
8974,
8972,
8969,
8967,
8965,
8962,
8960,
8958,
8956,
8953,
8951,
8949,
8946,
8944,
8942,
8939,
8937,
8935,
8933,
8930,
8928,
8926,
8923,
8921,
8919,
8916,
8914,
8912,
8909,
8907,
8905,
8902,
8900,
8898,
8895,
8893,
8891,
8889,
8886,
8884,
8882,
8879,
8877,
8875,
8872,
8870,
8867,
8865,
8863,
8860,
8858,
8856,
8853,
8851,
8849,
8846,
8844,
8842,
8839,
8837,
8835,
8832,
8830,
8827,
8825,
8823,
8820,
8818,
8816,
8813,
8811,
8809,
8806,
8804,
8801,
8799,
8797,
8794,
8792,
8789,
8787,
8785,
8782,
8780,
8778,
8775,
8773,
8770,
8768,
8766,
8763,
8761,
8758,
8756,
8754,
8751,
8749,
8746,
8744,
8741,
8739,
8737,
8734,
8732,
8729,
8727,
8725,
8722,
8720,
8717,
8715,
8712,
8710,
8708,
8705,
8703,
8700,
8698,
8695,
8693,
8691,
8688,
8686,
8683,
8681,
8678,
8676,
8673,
8671,
8669,
8666,
8664,
8661,
8659,
8656,
8654,
8651,
8649,
8646,
8644,
8642,
8639,
8637,
8634,
8632,
8629,
8627,
8624,
8622,
8619,
8617,
8614,
8612,
8609,
8607,
8604,
8602,
8599,
8597,
8595,
8592,
8590,
8587,
8585,
8582,
8580,
8577,
8575,
8572,
8570,
8567,
8565,
8562,
8560,
8557,
8555,
8552,
8550,
8547,
8545,
8542,
8539,
8537,
8534,
8532,
8529,
8527,
8524,
8522,
8519,
8517,
8514,
8512,
8509,
8507,
8504,
8502,
8499,
8497,
8494,
8491,
8489,
8486,
8484,
8481,
8479,
8476,
8474,
8471,
8469,
8466,
8463,
8461,
8458,
8456,
8453,
8451,
8448,
8446,
8443,
8440,
8438,
8435,
8433,
8430,
8428,
8425,
8422,
8420,
8417,
8415,
8412,
8410,
8407,
8404,
8402,
8399,
8397,
8394,
8391,
8389,
8386,
8384,
8381,
8379,
8376,
8373,
8371,
8368,
8366,
8363,
8360,
8358,
8355,
8353,
8350,
8347,
8345,
8342,
8339,
8337,
8334,
8332,
8329,
8326,
8324,
8321,
8319,
8316,
8313,
8311,
8308,
8305,
8303,
8300,
8298,
8295,
8292,
8290,
8287,
8284,
8282,
8279,
8276,
8274,
8271,
8268,
8266,
8263,
8261,
8258,
8255,
8253,
8250,
8247,
8245,
8242,
8239,
8237,
8234,
8231,
8229,
8226,
8223,
8221,
8218,
8215,
8213,
8210,
8207,
8205,
8202,
8199,
8197,
8194,
8191,
8189,
8186,
8183,
8181,
8178,
8175,
8172,
8170,
8167,
8164,
8162,
8159,
8156,
8154,
8151,
8148,
8146,
8143,
8140,
8137,
8135,
8132,
8129,
8127,
8124,
8121,
8118,
8116,
8113,
8110,
8108,
8105,
8102,
8099,
8097,
8094,
8091,
8089,
8086,
8083,
8080,
8078,
8075,
8072,
8069,
8067,
8064,
8061,
8058,
8056,
8053,
8050,
8048,
8045,
8042,
8039,
8037,
8034,
8031,
8028,
8026,
8023,
8020,
8017,
8015,
8012,
8009,
8006,
8003,
8001,
7998,
7995,
7992,
7990,
7987,
7984,
7981,
7979,
7976,
7973,
7970,
7967,
7965,
7962,
7959,
7956,
7954,
7951,
7948,
7945,
7942,
7940,
7937,
7934,
7931,
7928,
7926,
7923,
7920,
7917,
7914,
7912,
7909,
7906,
7903,
7900,
7898,
7895,
7892,
7889,
7886,
7884,
7881,
7878,
7875,
7872,
7870,
7867,
7864,
7861,
7858,
7855,
7853,
7850,
7847,
7844,
7841,
7838,
7836,
7833,
7830,
7827,
7824,
7821,
7819,
7816,
7813,
7810,
7807,
7804,
7802,
7799,
7796,
7793,
7790,
7787,
7784,
7782,
7779,
7776,
7773,
7770,
7767,
7764,
7762,
7759,
7756,
7753,
7750,
7747,
7744,
7742,
7739,
7736,
7733,
7730,
7727,
7724,
7721,
7719,
7716,
7713,
7710,
7707,
7704,
7701,
7698,
7695,
7693,
7690,
7687,
7684,
7681,
7678,
7675,
7672,
7669,
7667,
7664,
7661,
7658,
7655,
7652,
7649,
7646,
7643,
7640,
7637,
7635,
7632,
7629,
7626,
7623,
7620,
7617,
7614,
7611,
7608,
7605,
7602,
7600,
7597,
7594,
7591,
7588,
7585,
7582,
7579,
7576,
7573,
7570,
7567,
7564,
7561,
7558,
7556,
7553,
7550,
7547,
7544,
7541,
7538,
7535,
7532,
7529,
7526,
7523,
7520,
7517,
7514,
7511,
7508,
7505,
7502,
7499,
7496,
7493,
7491,
7488,
7485,
7482,
7479,
7476,
7473,
7470,
7467,
7464,
7461,
7458,
7455,
7452,
7449,
7446,
7443,
7440,
7437,
7434,
7431,
7428,
7425,
7422,
7419,
7416,
7413,
7410,
7407,
7404,
7401,
7398,
7395,
7392,
7389,
7386,
7383,
7380,
7377,
7374,
7371,
7368,
7365,
7362,
7359,
7356,
7353,
7350,
7347,
7344,
7341,
7338,
7335,
7332,
7329,
7326,
7323,
7320,
7317,
7314,
7311,
7308,
7304,
7301,
7298,
7295,
7292,
7289,
7286,
7283,
7280,
7277,
7274,
7271,
7268,
7265,
7262,
7259,
7256,
7253,
7250,
7247,
7244,
7241,
7237,
7234,
7231,
7228,
7225,
7222,
7219,
7216,
7213,
7210,
7207,
7204,
7201,
7198,
7195,
7191,
7188,
7185,
7182,
7179,
7176,
7173,
7170,
7167,
7164,
7161,
7158,
7155,
7151,
7148,
7145,
7142,
7139,
7136,
7133,
7130,
7127,
7124,
7121,
7117,
7114,
7111,
7108,
7105,
7102,
7099,
7096,
7093,
7089,
7086,
7083,
7080,
7077,
7074,
7071,
7068,
7065,
7061,
7058,
7055,
7052,
7049,
7046,
7043,
7040,
7036,
7033,
7030,
7027,
7024,
7021,
7018,
7015,
7011,
7008,
7005,
7002,
6999,
6996,
6993,
6989,
6986,
6983,
6980,
6977,
6974,
6971,
6967,
6964,
6961,
6958,
6955,
6952,
6949,
6945,
6942,
6939,
6936,
6933,
6930,
6926,
6923,
6920,
6917,
6914,
6911,
6907,
6904,
6901,
6898,
6895,
6892,
6888,
6885,
6882,
6879,
6876,
6873,
6869,
6866,
6863,
6860,
6857,
6853,
6850,
6847,
6844,
6841,
6838,
6834,
6831,
6828,
6825,
6822,
6818,
6815,
6812,
6809,
6806,
6802,
6799,
6796,
6793,
6790,
6786,
6783,
6780,
6777,
6774,
6770,
6767,
6764,
6761,
6757,
6754,
6751,
6748,
6745,
6741,
6738,
6735,
6732,
6728,
6725,
6722,
6719,
6716,
6712,
6709,
6706,
6703,
6699,
6696,
6693,
6690,
6686,
6683,
6680,
6677,
6674,
6670,
6667,
6664,
6661,
6657,
6654,
6651,
6648,
6644,
6641,
6638,
6635,
6631,
6628,
6625,
6622,
6618,
6615,
6612,
6609,
6605,
6602,
6599,
6595,
6592,
6589,
6586,
6582,
6579,
6576,
6573,
6569,
6566,
6563,
6560,
6556,
6553,
6550,
6546,
6543,
6540,
6537,
6533,
6530,
6527,
6523,
6520,
6517,
6514,
6510,
6507,
6504,
6500,
6497,
6494,
6491,
6487,
6484,
6481,
6477,
6474,
6471,
6467,
6464,
6461,
6458,
6454,
6451,
6448,
6444,
6441,
6438,
6434,
6431,
6428,
6424,
6421,
6418,
6414,
6411,
6408,
6405,
6401,
6398,
6395,
6391,
6388,
6385,
6381,
6378,
6375,
6371,
6368,
6365,
6361,
6358,
6355,
6351,
6348,
6345,
6341,
6338,
6335,
6331,
6328,
6325,
6321,
6318,
6315,
6311,
6308,
6305,
6301,
6298,
6294,
6291,
6288,
6284,
6281,
6278,
6274,
6271,
6268,
6264,
6261,
6258,
6254,
6251,
6247,
6244,
6241,
6237,
6234,
6231,
6227,
6224,
6221,
6217,
6214,
6210,
6207,
6204,
6200,
6197,
6194,
6190,
6187,
6183,
6180,
6177,
6173,
6170,
6166,
6163,
6160,
6156,
6153,
6150,
6146,
6143,
6139,
6136,
6133,
6129,
6126,
6122,
6119,
6116,
6112,
6109,
6105,
6102,
6099,
6095,
6092,
6088,
6085,
6082,
6078,
6075,
6071,
6068,
6065,
6061,
6058,
6054,
6051,
6047,
6044,
6041,
6037,
6034,
6030,
6027,
6024,
6020,
6017,
6013,
6010,
6006,
6003,
6000,
5996,
5993,
5989,
5986,
5982,
5979,
5976,
5972,
5969,
5965,
5962,
5958,
5955,
5951,
5948,
5945,
5941,
5938,
5934,
5931,
5927,
5924,
5920,
5917,
5914,
5910,
5907,
5903,
5900,
5896,
5893,
5889,
5886,
5882,
5879,
5876,
5872,
5869,
5865,
5862,
5858,
5855,
5851,
5848,
5844,
5841,
5837,
5834,
5830,
5827,
5824,
5820,
5817,
5813,
5810,
5806,
5803,
5799,
5796,
5792,
5789,
5785,
5782,
5778,
5775,
5771,
5768,
5764,
5761,
5757,
5754,
5750,
5747,
5743,
5740,
5736,
5733,
5729,
5726,
5722,
5719,
5715,
5712,
5708,
5705,
5701,
5698,
5694,
5691,
5687,
5684,
5680,
5677,
5673,
5670,
5666,
5663,
5659,
5656,
5652,
5649,
5645,
5642,
5638,
5635,
5631,
5628,
5624,
5621,
5617,
5614,
5610,
5607,
5603,
5599,
5596,
5592,
5589,
5585,
5582,
5578,
5575,
5571,
5568,
5564,
5561,
5557,
5554,
5550,
5546,
5543,
5539,
5536,
5532,
5529,
5525,
5522,
5518,
5515,
5511,
5507,
5504,
5500,
5497,
5493,
5490,
5486,
5483,
5479,
5476,
5472,
5468,
5465,
5461,
5458,
5454,
5451,
5447,
5443,
5440,
5436,
5433,
5429,
5426,
5422,
5419,
5415,
5411,
5408,
5404,
5401,
5397,
5394,
5390,
5386,
5383,
5379,
5376,
5372,
5368,
5365,
5361,
5358,
5354,
5351,
5347,
5343,
5340,
5336,
5333,
5329,
5325,
5322,
5318,
5315,
5311,
5308,
5304,
5300,
5297,
5293,
5290,
5286,
5282,
5279,
5275,
5272,
5268,
5264,
5261,
5257,
5254,
5250,
5246,
5243,
5239,
5236,
5232,
5228,
5225,
5221,
5217,
5214,
5210,
5207,
5203,
5199,
5196,
5192,
5189,
5185,
5181,
5178,
5174,
5170,
5167,
5163,
5160,
5156,
5152,
5149,
5145,
5141,
5138,
5134,
5131,
5127,
5123,
5120,
5116,
5112,
5109,
5105,
5101,
5098,
5094,
5091,
5087,
5083,
5080,
5076,
5072,
5069,
5065,
5061,
5058,
5054,
5050,
5047,
5043,
5040,
5036,
5032,
5029,
5025,
5021,
5018,
5014,
5010,
5007,
5003,
4999,
4996,
4992,
4988,
4985,
4981,
4977,
4974,
4970,
4966,
4963,
4959,
4955,
4952,
4948,
4944,
4941,
4937,
4933,
4930,
4926,
4922,
4919,
4915,
4911,
4908,
4904,
4900,
4897,
4893,
4889,
4886,
4882,
4878,
4875,
4871,
4867,
4864,
4860,
4856,
4852,
4849,
4845,
4841,
4838,
4834,
4830,
4827,
4823,
4819,
4816,
4812,
4808,
4804,
4801,
4797,
4793,
4790,
4786,
4782,
4779,
4775,
4771,
4768,
4764,
4760,
4756,
4753,
4749,
4745,
4742,
4738,
4734,
4730,
4727,
4723,
4719,
4716,
4712,
4708,
4704,
4701,
4697,
4693,
4690,
4686,
4682,
4678,
4675,
4671,
4667,
4664,
4660,
4656,
4652,
4649,
4645,
4641,
4637,
4634,
4630,
4626,
4623,
4619,
4615,
4611,
4608,
4604,
4600,
4596,
4593,
4589,
4585,
4582,
4578,
4574,
4570,
4567,
4563,
4559,
4555,
4552,
4548,
4544,
4540,
4537,
4533,
4529,
4525,
4522,
4518,
4514,
4510,
4507,
4503,
4499,
4495,
4492,
4488,
4484,
4480,
4477,
4473,
4469,
4465,
4462,
4458,
4454,
4450,
4447,
4443,
4439,
4435,
4431,
4428,
4424,
4420,
4416,
4413,
4409,
4405,
4401,
4398,
4394,
4390,
4386,
4383,
4379,
4375,
4371,
4367,
4364,
4360,
4356,
4352,
4349,
4345,
4341,
4337,
4333,
4330,
4326,
4322,
4318,
4315,
4311,
4307,
4303,
4299,
4296,
4292,
4288,
4284,
4280,
4277,
4273,
4269,
4265,
4261,
4258,
4254,
4250,
4246,
4243,
4239,
4235,
4231,
4227,
4224,
4220,
4216,
4212,
4208,
4205,
4201,
4197,
4193,
4189,
4186,
4182,
4178,
4174,
4170,
4166,
4163,
4159,
4155,
4151,
4147,
4144,
4140,
4136,
4132,
4128,
4125,
4121,
4117,
4113,
4109,
4105,
4102,
4098,
4094,
4090,
4086,
4083,
4079,
4075,
4071,
4067,
4063,
4060,
4056,
4052,
4048,
4044,
4040,
4037,
4033,
4029,
4025,
4021,
4018,
4014,
4010,
4006,
4002,
3998,
3995,
3991,
3987,
3983,
3979,
3975,
3971,
3968,
3964,
3960,
3956,
3952,
3948,
3945,
3941,
3937,
3933,
3929,
3925,
3922,
3918,
3914,
3910,
3906,
3902,
3898,
3895,
3891,
3887,
3883,
3879,
3875,
3871,
3868,
3864,
3860,
3856,
3852,
3848,
3845,
3841,
3837,
3833,
3829,
3825,
3821,
3817,
3814,
3810,
3806,
3802,
3798,
3794,
3790,
3787,
3783,
3779,
3775,
3771,
3767,
3763,
3760,
3756,
3752,
3748,
3744,
3740,
3736,
3732,
3729,
3725,
3721,
3717,
3713,
3709,
3705,
3701,
3698,
3694,
3690,
3686,
3682,
3678,
3674,
3670,
3666,
3663,
3659,
3655,
3651,
3647,
3643,
3639,
3635,
3632,
3628,
3624,
3620,
3616,
3612,
3608,
3604,
3600,
3597,
3593,
3589,
3585,
3581,
3577,
3573,
3569,
3565,
3561,
3558,
3554,
3550,
3546,
3542,
3538,
3534,
3530,
3526,
3522,
3519,
3515,
3511,
3507,
3503,
3499,
3495,
3491,
3487,
3483,
3480,
3476,
3472,
3468,
3464,
3460,
3456,
3452,
3448,
3444,
3440,
3436,
3433,
3429,
3425,
3421,
3417,
3413,
3409,
3405,
3401,
3397,
3393,
3389,
3386,
3382,
3378,
3374,
3370,
3366,
3362,
3358,
3354,
3350,
3346,
3342,
3338,
3335,
3331,
3327,
3323,
3319,
3315,
3311,
3307,
3303,
3299,
3295,
3291,
3287,
3283,
3280,
3276,
3272,
3268,
3264,
3260,
3256,
3252,
3248,
3244,
3240,
3236,
3232,
3228,
3224,
3220,
3217,
3213,
3209,
3205,
3201,
3197,
3193,
3189,
3185,
3181,
3177,
3173,
3169,
3165,
3161,
3157,
3153,
3149,
3146,
3142,
3138,
3134,
3130,
3126,
3122,
3118,
3114,
3110,
3106,
3102,
3098,
3094,
3090,
3086,
3082,
3078,
3074,
3070,
3066,
3063,
3059,
3055,
3051,
3047,
3043,
3039,
3035,
3031,
3027,
3023,
3019,
3015,
3011,
3007,
3003,
2999,
2995,
2991,
2987,
2983,
2979,
2975,
2971,
2967,
2963,
2959,
2955,
2951,
2948,
2944,
2940,
2936,
2932,
2928,
2924,
2920,
2916,
2912,
2908,
2904,
2900,
2896,
2892,
2888,
2884,
2880,
2876,
2872,
2868,
2864,
2860,
2856,
2852,
2848,
2844,
2840,
2836,
2832,
2828,
2824,
2820,
2816,
2812,
2808,
2804,
2800,
2796,
2792,
2788,
2784,
2780,
2776,
2772,
2768,
2764,
2760,
2756,
2752,
2748,
2744,
2740,
2736,
2732,
2728,
2724,
2720,
2716,
2712,
2708,
2704,
2700,
2696,
2692,
2688,
2684,
2680,
2676,
2672,
2668,
2664,
2660,
2656,
2652,
2648,
2644,
2640,
2636,
2632,
2628,
2624,
2620,
2616,
2612,
2608,
2604,
2600,
2596,
2592,
2588,
2584,
2580,
2576,
2572,
2568,
2564,
2560,
2556,
2552,
2548,
2544,
2540,
2536,
2532,
2528,
2524,
2520,
2516,
2512,
2508,
2504,
2500,
2496,
2492,
2488,
2484,
2480,
2476,
2472,
2468,
2464,
2460,
2456,
2452,
2448,
2444,
2440,
2436,
2432,
2428,
2424,
2420,
2416,
2412,
2408,
2404,
2400,
2396,
2392,
2387,
2383,
2379,
2375,
2371,
2367,
2363,
2359,
2355,
2351,
2347,
2343,
2339,
2335,
2331,
2327,
2323,
2319,
2315,
2311,
2307,
2303,
2299,
2295,
2291,
2287,
2283,
2279,
2275,
2271,
2267,
2262,
2258,
2254,
2250,
2246,
2242,
2238,
2234,
2230,
2226,
2222,
2218,
2214,
2210,
2206,
2202,
2198,
2194,
2190,
2186,
2182,
2178,
2174,
2170,
2165,
2161,
2157,
2153,
2149,
2145,
2141,
2137,
2133,
2129,
2125,
2121,
2117,
2113,
2109,
2105,
2101,
2097,
2093,
2089,
2085,
2080,
2076,
2072,
2068,
2064,
2060,
2056,
2052,
2048,
2044,
2040,
2036,
2032,
2028,
2024,
2020,
2016,
2012,
2007,
2003,
1999,
1995,
1991,
1987,
1983,
1979,
1975,
1971,
1967,
1963,
1959,
1955,
1951,
1947,
1943,
1938,
1934,
1930,
1926,
1922,
1918,
1914,
1910,
1906,
1902,
1898,
1894,
1890,
1886,
1882,
1878,
1873,
1869,
1865,
1861,
1857,
1853,
1849,
1845,
1841,
1837,
1833,
1829,
1825,
1821,
1817,
1812,
1808,
1804,
1800,
1796,
1792,
1788,
1784,
1780,
1776,
1772,
1768,
1764,
1759,
1755,
1751,
1747,
1743,
1739,
1735,
1731,
1727,
1723,
1719,
1715,
1711,
1707,
1702,
1698,
1694,
1690,
1686,
1682,
1678,
1674,
1670,
1666,
1662,
1658,
1653,
1649,
1645,
1641,
1637,
1633,
1629,
1625,
1621,
1617,
1613,
1609,
1604,
1600,
1596,
1592,
1588,
1584,
1580,
1576,
1572,
1568,
1564,
1560,
1555,
1551,
1547,
1543,
1539,
1535,
1531,
1527,
1523,
1519,
1515,
1511,
1506,
1502,
1498,
1494,
1490,
1486,
1482,
1478,
1474,
1470,
1466,
1461,
1457,
1453,
1449,
1445,
1441,
1437,
1433,
1429,
1425,
1421,
1416,
1412,
1408,
1404,
1400,
1396,
1392,
1388,
1384,
1380,
1375,
1371,
1367,
1363,
1359,
1355,
1351,
1347,
1343,
1339,
1335,
1330,
1326,
1322,
1318,
1314,
1310,
1306,
1302,
1298,
1294,
1289,
1285,
1281,
1277,
1273,
1269,
1265,
1261,
1257,
1253,
1248,
1244,
1240,
1236,
1232,
1228,
1224,
1220,
1216,
1211,
1207,
1203,
1199,
1195,
1191,
1187,
1183,
1179,
1175,
1170,
1166,
1162,
1158,
1154,
1150,
1146,
1142,
1138,
1134,
1129,
1125,
1121,
1117,
1113,
1109,
1105,
1101,
1097,
1092,
1088,
1084,
1080,
1076,
1072,
1068,
1064,
1060,
1055,
1051,
1047,
1043,
1039,
1035,
1031,
1027,
1023,
1018,
1014,
1010,
1006,
1002,
998,
994,
990,
986,
981,
977,
973,
969,
965,
961,
957,
953,
949,
944,
940,
936,
932,
928,
924,
920,
916,
912,
907,
903,
899,
895,
891,
887,
883,
879,
874,
870,
866,
862,
858,
854,
850,
846,
842,
837,
833,
829,
825,
821,
817,
813,
809,
804,
800,
796,
792,
788,
784,
780,
776,
772,
767,
763,
759,
755,
751,
747,
743,
739,
734,
730,
726,
722,
718,
714,
710,
706,
702,
697,
693,
689,
685,
681,
677,
673,
669,
664,
660,
656,
652,
648,
644,
640,
636,
631,
627,
623,
619,
615,
611,
607,
603,
598,
594,
590,
586,
582,
578,
574,
570,
565,
561,
557,
553,
549,
545,
541,
537,
532,
528,
524,
520,
516,
512,
508,
504,
499,
495,
491,
487,
483,
479,
475,
471,
466,
462,
458,
454,
450,
446,
442,
438,
433,
429,
425,
421,
417,
413,
409,
405,
400,
396,
392,
388,
384,
380,
376,
372,
367,
363,
359,
355,
351,
347,
343,
339,
334,
330,
326,
322,
318,
314,
310,
306,
301,
297,
293,
289,
285,
281,
277,
273,
268,
264,
260,
256,
252,
248,
244,
239,
235,
231,
227,
223,
219,
215,
211,
206,
202,
198,
194,
190,
186,
182,
178,
173,
169,
165,
161,
157,
153,
149,
145,
140,
136,
132,
128,
124,
120,
116,
111,
107,
103,
99,
95,
91,
87,
83,
78,
74,
70,
66,
62,
58,
54,
50,
45,
41,
37,
33,
29,
25,
21,
17,
12,
8,
4,
0,
-4,
-8,
-12,
-17,
-21,
-25,
-29,
-33,
-37,
-41,
-45,
-50,
-54,
-58,
-62,
-66,
-70,
-74,
-78,
-83,
-87,
-91,
-95,
-99,
-103,
-107,
-111,
-116,
-120,
-124,
-128,
-132,
-136,
-140,
-145,
-149,
-153,
-157,
-161,
-165,
-169,
-173,
-178,
-182,
-186,
-190,
-194,
-198,
-202,
-206,
-211,
-215,
-219,
-223,
-227,
-231,
-235,
-239,
-244,
-248,
-252,
-256,
-260,
-264,
-268,
-273,
-277,
-281,
-285,
-289,
-293,
-297,
-301,
-306,
-310,
-314,
-318,
-322,
-326,
-330,
-334,
-339,
-343,
-347,
-351,
-355,
-359,
-363,
-367,
-372,
-376,
-380,
-384,
-388,
-392,
-396,
-400,
-405,
-409,
-413,
-417,
-421,
-425,
-429,
-433,
-438,
-442,
-446,
-450,
-454,
-458,
-462,
-466,
-471,
-475,
-479,
-483,
-487,
-491,
-495,
-499,
-504,
-508,
-512,
-516,
-520,
-524,
-528,
-532,
-537,
-541,
-545,
-549,
-553,
-557,
-561,
-565,
-570,
-574,
-578,
-582,
-586,
-590,
-594,
-598,
-603,
-607,
-611,
-615,
-619,
-623,
-627,
-631,
-636,
-640,
-644,
-648,
-652,
-656,
-660,
-664,
-669,
-673,
-677,
-681,
-685,
-689,
-693,
-697,
-702,
-706,
-710,
-714,
-718,
-722,
-726,
-730,
-734,
-739,
-743,
-747,
-751,
-755,
-759,
-763,
-767,
-772,
-776,
-780,
-784,
-788,
-792,
-796,
-800,
-804,
-809,
-813,
-817,
-821,
-825,
-829,
-833,
-837,
-842,
-846,
-850,
-854,
-858,
-862,
-866,
-870,
-874,
-879,
-883,
-887,
-891,
-895,
-899,
-903,
-907,
-912,
-916,
-920,
-924,
-928,
-932,
-936,
-940,
-944,
-949,
-953,
-957,
-961,
-965,
-969,
-973,
-977,
-981,
-986,
-990,
-994,
-998,
-1002,
-1006,
-1010,
-1014,
-1018,
-1023,
-1027,
-1031,
-1035,
-1039,
-1043,
-1047,
-1051,
-1055,
-1060,
-1064,
-1068,
-1072,
-1076,
-1080,
-1084,
-1088,
-1092,
-1097,
-1101,
-1105,
-1109,
-1113,
-1117,
-1121,
-1125,
-1129,
-1134,
-1138,
-1142,
-1146,
-1150,
-1154,
-1158,
-1162,
-1166,
-1170,
-1175,
-1179,
-1183,
-1187,
-1191,
-1195,
-1199,
-1203,
-1207,
-1211,
-1216,
-1220,
-1224,
-1228,
-1232,
-1236,
-1240,
-1244,
-1248,
-1253,
-1257,
-1261,
-1265,
-1269,
-1273,
-1277,
-1281,
-1285,
-1289,
-1294,
-1298,
-1302,
-1306,
-1310,
-1314,
-1318,
-1322,
-1326,
-1330,
-1335,
-1339,
-1343,
-1347,
-1351,
-1355,
-1359,
-1363,
-1367,
-1371,
-1375,
-1380,
-1384,
-1388,
-1392,
-1396,
-1400,
-1404,
-1408,
-1412,
-1416,
-1421,
-1425,
-1429,
-1433,
-1437,
-1441,
-1445,
-1449,
-1453,
-1457,
-1461,
-1466,
-1470,
-1474,
-1478,
-1482,
-1486,
-1490,
-1494,
-1498,
-1502,
-1506,
-1511,
-1515,
-1519,
-1523,
-1527,
-1531,
-1535,
-1539,
-1543,
-1547,
-1551,
-1555,
-1560,
-1564,
-1568,
-1572,
-1576,
-1580,
-1584,
-1588,
-1592,
-1596,
-1600,
-1604,
-1609,
-1613,
-1617,
-1621,
-1625,
-1629,
-1633,
-1637,
-1641,
-1645,
-1649,
-1653,
-1658,
-1662,
-1666,
-1670,
-1674,
-1678,
-1682,
-1686,
-1690,
-1694,
-1698,
-1702,
-1707,
-1711,
-1715,
-1719,
-1723,
-1727,
-1731,
-1735,
-1739,
-1743,
-1747,
-1751,
-1755,
-1759,
-1764,
-1768,
-1772,
-1776,
-1780,
-1784,
-1788,
-1792,
-1796,
-1800,
-1804,
-1808,
-1812,
-1817,
-1821,
-1825,
-1829,
-1833,
-1837,
-1841,
-1845,
-1849,
-1853,
-1857,
-1861,
-1865,
-1869,
-1873,
-1878,
-1882,
-1886,
-1890,
-1894,
-1898,
-1902,
-1906,
-1910,
-1914,
-1918,
-1922,
-1926,
-1930,
-1934,
-1938,
-1943,
-1947,
-1951,
-1955,
-1959,
-1963,
-1967,
-1971,
-1975,
-1979,
-1983,
-1987,
-1991,
-1995,
-1999,
-2003,
-2007,
-2012,
-2016,
-2020,
-2024,
-2028,
-2032,
-2036,
-2040,
-2044,
-2048,
-2052,
-2056,
-2060,
-2064,
-2068,
-2072,
-2076,
-2080,
-2085,
-2089,
-2093,
-2097,
-2101,
-2105,
-2109,
-2113,
-2117,
-2121,
-2125,
-2129,
-2133,
-2137,
-2141,
-2145,
-2149,
-2153,
-2157,
-2161,
-2165,
-2170,
-2174,
-2178,
-2182,
-2186,
-2190,
-2194,
-2198,
-2202,
-2206,
-2210,
-2214,
-2218,
-2222,
-2226,
-2230,
-2234,
-2238,
-2242,
-2246,
-2250,
-2254,
-2258,
-2262,
-2267,
-2271,
-2275,
-2279,
-2283,
-2287,
-2291,
-2295,
-2299,
-2303,
-2307,
-2311,
-2315,
-2319,
-2323,
-2327,
-2331,
-2335,
-2339,
-2343,
-2347,
-2351,
-2355,
-2359,
-2363,
-2367,
-2371,
-2375,
-2379,
-2383,
-2387,
-2392,
-2396,
-2400,
-2404,
-2408,
-2412,
-2416,
-2420,
-2424,
-2428,
-2432,
-2436,
-2440,
-2444,
-2448,
-2452,
-2456,
-2460,
-2464,
-2468,
-2472,
-2476,
-2480,
-2484,
-2488,
-2492,
-2496,
-2500,
-2504,
-2508,
-2512,
-2516,
-2520,
-2524,
-2528,
-2532,
-2536,
-2540,
-2544,
-2548,
-2552,
-2556,
-2560,
-2564,
-2568,
-2572,
-2576,
-2580,
-2584,
-2588,
-2592,
-2596,
-2600,
-2604,
-2608,
-2612,
-2616,
-2620,
-2624,
-2628,
-2632,
-2636,
-2640,
-2644,
-2648,
-2652,
-2656,
-2660,
-2664,
-2668,
-2672,
-2676,
-2680,
-2684,
-2688,
-2692,
-2696,
-2700,
-2704,
-2708,
-2712,
-2716,
-2720,
-2724,
-2728,
-2732,
-2736,
-2740,
-2744,
-2748,
-2752,
-2756,
-2760,
-2764,
-2768,
-2772,
-2776,
-2780,
-2784,
-2788,
-2792,
-2796,
-2800,
-2804,
-2808,
-2812,
-2816,
-2820,
-2824,
-2828,
-2832,
-2836,
-2840,
-2844,
-2848,
-2852,
-2856,
-2860,
-2864,
-2868,
-2872,
-2876,
-2880,
-2884,
-2888,
-2892,
-2896,
-2900,
-2904,
-2908,
-2912,
-2916,
-2920,
-2924,
-2928,
-2932,
-2936,
-2940,
-2944,
-2948,
-2951,
-2955,
-2959,
-2963,
-2967,
-2971,
-2975,
-2979,
-2983,
-2987,
-2991,
-2995,
-2999,
-3003,
-3007,
-3011,
-3015,
-3019,
-3023,
-3027,
-3031,
-3035,
-3039,
-3043,
-3047,
-3051,
-3055,
-3059,
-3063,
-3066,
-3070,
-3074,
-3078,
-3082,
-3086,
-3090,
-3094,
-3098,
-3102,
-3106,
-3110,
-3114,
-3118,
-3122,
-3126,
-3130,
-3134,
-3138,
-3142,
-3146,
-3149,
-3153,
-3157,
-3161,
-3165,
-3169,
-3173,
-3177,
-3181,
-3185,
-3189,
-3193,
-3197,
-3201,
-3205,
-3209,
-3213,
-3217,
-3220,
-3224,
-3228,
-3232,
-3236,
-3240,
-3244,
-3248,
-3252,
-3256,
-3260,
-3264,
-3268,
-3272,
-3276,
-3280,
-3283,
-3287,
-3291,
-3295,
-3299,
-3303,
-3307,
-3311,
-3315,
-3319,
-3323,
-3327,
-3331,
-3335,
-3338,
-3342,
-3346,
-3350,
-3354,
-3358,
-3362,
-3366,
-3370,
-3374,
-3378,
-3382,
-3386,
-3389,
-3393,
-3397,
-3401,
-3405,
-3409,
-3413,
-3417,
-3421,
-3425,
-3429,
-3433,
-3436,
-3440,
-3444,
-3448,
-3452,
-3456,
-3460,
-3464,
-3468,
-3472,
-3476,
-3480,
-3483,
-3487,
-3491,
-3495,
-3499,
-3503,
-3507,
-3511,
-3515,
-3519,
-3522,
-3526,
-3530,
-3534,
-3538,
-3542,
-3546,
-3550,
-3554,
-3558,
-3561,
-3565,
-3569,
-3573,
-3577,
-3581,
-3585,
-3589,
-3593,
-3597,
-3600,
-3604,
-3608,
-3612,
-3616,
-3620,
-3624,
-3628,
-3632,
-3635,
-3639,
-3643,
-3647,
-3651,
-3655,
-3659,
-3663,
-3666,
-3670,
-3674,
-3678,
-3682,
-3686,
-3690,
-3694,
-3698,
-3701,
-3705,
-3709,
-3713,
-3717,
-3721,
-3725,
-3729,
-3732,
-3736,
-3740,
-3744,
-3748,
-3752,
-3756,
-3760,
-3763,
-3767,
-3771,
-3775,
-3779,
-3783,
-3787,
-3790,
-3794,
-3798,
-3802,
-3806,
-3810,
-3814,
-3817,
-3821,
-3825,
-3829,
-3833,
-3837,
-3841,
-3845,
-3848,
-3852,
-3856,
-3860,
-3864,
-3868,
-3871,
-3875,
-3879,
-3883,
-3887,
-3891,
-3895,
-3898,
-3902,
-3906,
-3910,
-3914,
-3918,
-3922,
-3925,
-3929,
-3933,
-3937,
-3941,
-3945,
-3948,
-3952,
-3956,
-3960,
-3964,
-3968,
-3971,
-3975,
-3979,
-3983,
-3987,
-3991,
-3995,
-3998,
-4002,
-4006,
-4010,
-4014,
-4018,
-4021,
-4025,
-4029,
-4033,
-4037,
-4040,
-4044,
-4048,
-4052,
-4056,
-4060,
-4063,
-4067,
-4071,
-4075,
-4079,
-4083,
-4086,
-4090,
-4094,
-4098,
-4102,
-4105,
-4109,
-4113,
-4117,
-4121,
-4125,
-4128,
-4132,
-4136,
-4140,
-4144,
-4147,
-4151,
-4155,
-4159,
-4163,
-4166,
-4170,
-4174,
-4178,
-4182,
-4186,
-4189,
-4193,
-4197,
-4201,
-4205,
-4208,
-4212,
-4216,
-4220,
-4224,
-4227,
-4231,
-4235,
-4239,
-4243,
-4246,
-4250,
-4254,
-4258,
-4261,
-4265,
-4269,
-4273,
-4277,
-4280,
-4284,
-4288,
-4292,
-4296,
-4299,
-4303,
-4307,
-4311,
-4315,
-4318,
-4322,
-4326,
-4330,
-4333,
-4337,
-4341,
-4345,
-4349,
-4352,
-4356,
-4360,
-4364,
-4367,
-4371,
-4375,
-4379,
-4383,
-4386,
-4390,
-4394,
-4398,
-4401,
-4405,
-4409,
-4413,
-4416,
-4420,
-4424,
-4428,
-4431,
-4435,
-4439,
-4443,
-4447,
-4450,
-4454,
-4458,
-4462,
-4465,
-4469,
-4473,
-4477,
-4480,
-4484,
-4488,
-4492,
-4495,
-4499,
-4503,
-4507,
-4510,
-4514,
-4518,
-4522,
-4525,
-4529,
-4533,
-4537,
-4540,
-4544,
-4548,
-4552,
-4555,
-4559,
-4563,
-4567,
-4570,
-4574,
-4578,
-4582,
-4585,
-4589,
-4593,
-4596,
-4600,
-4604,
-4608,
-4611,
-4615,
-4619,
-4623,
-4626,
-4630,
-4634,
-4637,
-4641,
-4645,
-4649,
-4652,
-4656,
-4660,
-4664,
-4667,
-4671,
-4675,
-4678,
-4682,
-4686,
-4690,
-4693,
-4697,
-4701,
-4704,
-4708,
-4712,
-4716,
-4719,
-4723,
-4727,
-4730,
-4734,
-4738,
-4742,
-4745,
-4749,
-4753,
-4756,
-4760,
-4764,
-4768,
-4771,
-4775,
-4779,
-4782,
-4786,
-4790,
-4793,
-4797,
-4801,
-4804,
-4808,
-4812,
-4816,
-4819,
-4823,
-4827,
-4830,
-4834,
-4838,
-4841,
-4845,
-4849,
-4852,
-4856,
-4860,
-4864,
-4867,
-4871,
-4875,
-4878,
-4882,
-4886,
-4889,
-4893,
-4897,
-4900,
-4904,
-4908,
-4911,
-4915,
-4919,
-4922,
-4926,
-4930,
-4933,
-4937,
-4941,
-4944,
-4948,
-4952,
-4955,
-4959,
-4963,
-4966,
-4970,
-4974,
-4977,
-4981,
-4985,
-4988,
-4992,
-4996,
-4999,
-5003,
-5007,
-5010,
-5014,
-5018,
-5021,
-5025,
-5029,
-5032,
-5036,
-5040,
-5043,
-5047,
-5050,
-5054,
-5058,
-5061,
-5065,
-5069,
-5072,
-5076,
-5080,
-5083,
-5087,
-5091,
-5094,
-5098,
-5101,
-5105,
-5109,
-5112,
-5116,
-5120,
-5123,
-5127,
-5131,
-5134,
-5138,
-5141,
-5145,
-5149,
-5152,
-5156,
-5160,
-5163,
-5167,
-5170,
-5174,
-5178,
-5181,
-5185,
-5189,
-5192,
-5196,
-5199,
-5203,
-5207,
-5210,
-5214,
-5217,
-5221,
-5225,
-5228,
-5232,
-5236,
-5239,
-5243,
-5246,
-5250,
-5254,
-5257,
-5261,
-5264,
-5268,
-5272,
-5275,
-5279,
-5282,
-5286,
-5290,
-5293,
-5297,
-5300,
-5304,
-5308,
-5311,
-5315,
-5318,
-5322,
-5325,
-5329,
-5333,
-5336,
-5340,
-5343,
-5347,
-5351,
-5354,
-5358,
-5361,
-5365,
-5368,
-5372,
-5376,
-5379,
-5383,
-5386,
-5390,
-5394,
-5397,
-5401,
-5404,
-5408,
-5411,
-5415,
-5419,
-5422,
-5426,
-5429,
-5433,
-5436,
-5440,
-5443,
-5447,
-5451,
-5454,
-5458,
-5461,
-5465,
-5468,
-5472,
-5476,
-5479,
-5483,
-5486,
-5490,
-5493,
-5497,
-5500,
-5504,
-5507,
-5511,
-5515,
-5518,
-5522,
-5525,
-5529,
-5532,
-5536,
-5539,
-5543,
-5546,
-5550,
-5554,
-5557,
-5561,
-5564,
-5568,
-5571,
-5575,
-5578,
-5582,
-5585,
-5589,
-5592,
-5596,
-5599,
-5603,
-5607,
-5610,
-5614,
-5617,
-5621,
-5624,
-5628,
-5631,
-5635,
-5638,
-5642,
-5645,
-5649,
-5652,
-5656,
-5659,
-5663,
-5666,
-5670,
-5673,
-5677,
-5680,
-5684,
-5687,
-5691,
-5694,
-5698,
-5701,
-5705,
-5708,
-5712,
-5715,
-5719,
-5722,
-5726,
-5729,
-5733,
-5736,
-5740,
-5743,
-5747,
-5750,
-5754,
-5757,
-5761,
-5764,
-5768,
-5771,
-5775,
-5778,
-5782,
-5785,
-5789,
-5792,
-5796,
-5799,
-5803,
-5806,
-5810,
-5813,
-5817,
-5820,
-5824,
-5827,
-5830,
-5834,
-5837,
-5841,
-5844,
-5848,
-5851,
-5855,
-5858,
-5862,
-5865,
-5869,
-5872,
-5876,
-5879,
-5882,
-5886,
-5889,
-5893,
-5896,
-5900,
-5903,
-5907,
-5910,
-5914,
-5917,
-5920,
-5924,
-5927,
-5931,
-5934,
-5938,
-5941,
-5945,
-5948,
-5951,
-5955,
-5958,
-5962,
-5965,
-5969,
-5972,
-5976,
-5979,
-5982,
-5986,
-5989,
-5993,
-5996,
-6000,
-6003,
-6006,
-6010,
-6013,
-6017,
-6020,
-6024,
-6027,
-6030,
-6034,
-6037,
-6041,
-6044,
-6047,
-6051,
-6054,
-6058,
-6061,
-6065,
-6068,
-6071,
-6075,
-6078,
-6082,
-6085,
-6088,
-6092,
-6095,
-6099,
-6102,
-6105,
-6109,
-6112,
-6116,
-6119,
-6122,
-6126,
-6129,
-6133,
-6136,
-6139,
-6143,
-6146,
-6150,
-6153,
-6156,
-6160,
-6163,
-6166,
-6170,
-6173,
-6177,
-6180,
-6183,
-6187,
-6190,
-6194,
-6197,
-6200,
-6204,
-6207,
-6210,
-6214,
-6217,
-6221,
-6224,
-6227,
-6231,
-6234,
-6237,
-6241,
-6244,
-6247,
-6251,
-6254,
-6258,
-6261,
-6264,
-6268,
-6271,
-6274,
-6278,
-6281,
-6284,
-6288,
-6291,
-6294,
-6298,
-6301,
-6305,
-6308,
-6311,
-6315,
-6318,
-6321,
-6325,
-6328,
-6331,
-6335,
-6338,
-6341,
-6345,
-6348,
-6351,
-6355,
-6358,
-6361,
-6365,
-6368,
-6371,
-6375,
-6378,
-6381,
-6385,
-6388,
-6391,
-6395,
-6398,
-6401,
-6405,
-6408,
-6411,
-6414,
-6418,
-6421,
-6424,
-6428,
-6431,
-6434,
-6438,
-6441,
-6444,
-6448,
-6451,
-6454,
-6458,
-6461,
-6464,
-6467,
-6471,
-6474,
-6477,
-6481,
-6484,
-6487,
-6491,
-6494,
-6497,
-6500,
-6504,
-6507,
-6510,
-6514,
-6517,
-6520,
-6523,
-6527,
-6530,
-6533,
-6537,
-6540,
-6543,
-6546,
-6550,
-6553,
-6556,
-6560,
-6563,
-6566,
-6569,
-6573,
-6576,
-6579,
-6582,
-6586,
-6589,
-6592,
-6595,
-6599,
-6602,
-6605,
-6609,
-6612,
-6615,
-6618,
-6622,
-6625,
-6628,
-6631,
-6635,
-6638,
-6641,
-6644,
-6648,
-6651,
-6654,
-6657,
-6661,
-6664,
-6667,
-6670,
-6674,
-6677,
-6680,
-6683,
-6686,
-6690,
-6693,
-6696,
-6699,
-6703,
-6706,
-6709,
-6712,
-6716,
-6719,
-6722,
-6725,
-6728,
-6732,
-6735,
-6738,
-6741,
-6745,
-6748,
-6751,
-6754,
-6757,
-6761,
-6764,
-6767,
-6770,
-6774,
-6777,
-6780,
-6783,
-6786,
-6790,
-6793,
-6796,
-6799,
-6802,
-6806,
-6809,
-6812,
-6815,
-6818,
-6822,
-6825,
-6828,
-6831,
-6834,
-6838,
-6841,
-6844,
-6847,
-6850,
-6853,
-6857,
-6860,
-6863,
-6866,
-6869,
-6873,
-6876,
-6879,
-6882,
-6885,
-6888,
-6892,
-6895,
-6898,
-6901,
-6904,
-6907,
-6911,
-6914,
-6917,
-6920,
-6923,
-6926,
-6930,
-6933,
-6936,
-6939,
-6942,
-6945,
-6949,
-6952,
-6955,
-6958,
-6961,
-6964,
-6967,
-6971,
-6974,
-6977,
-6980,
-6983,
-6986,
-6989,
-6993,
-6996,
-6999,
-7002,
-7005,
-7008,
-7011,
-7015,
-7018,
-7021,
-7024,
-7027,
-7030,
-7033,
-7036,
-7040,
-7043,
-7046,
-7049,
-7052,
-7055,
-7058,
-7061,
-7065,
-7068,
-7071,
-7074,
-7077,
-7080,
-7083,
-7086,
-7089,
-7093,
-7096,
-7099,
-7102,
-7105,
-7108,
-7111,
-7114,
-7117,
-7121,
-7124,
-7127,
-7130,
-7133,
-7136,
-7139,
-7142,
-7145,
-7148,
-7151,
-7155,
-7158,
-7161,
-7164,
-7167,
-7170,
-7173,
-7176,
-7179,
-7182,
-7185,
-7188,
-7191,
-7195,
-7198,
-7201,
-7204,
-7207,
-7210,
-7213,
-7216,
-7219,
-7222,
-7225,
-7228,
-7231,
-7234,
-7237,
-7241,
-7244,
-7247,
-7250,
-7253,
-7256,
-7259,
-7262,
-7265,
-7268,
-7271,
-7274,
-7277,
-7280,
-7283,
-7286,
-7289,
-7292,
-7295,
-7298,
-7301,
-7304,
-7308,
-7311,
-7314,
-7317,
-7320,
-7323,
-7326,
-7329,
-7332,
-7335,
-7338,
-7341,
-7344,
-7347,
-7350,
-7353,
-7356,
-7359,
-7362,
-7365,
-7368,
-7371,
-7374,
-7377,
-7380,
-7383,
-7386,
-7389,
-7392,
-7395,
-7398,
-7401,
-7404,
-7407,
-7410,
-7413,
-7416,
-7419,
-7422,
-7425,
-7428,
-7431,
-7434,
-7437,
-7440,
-7443,
-7446,
-7449,
-7452,
-7455,
-7458,
-7461,
-7464,
-7467,
-7470,
-7473,
-7476,
-7479,
-7482,
-7485,
-7488,
-7491,
-7493,
-7496,
-7499,
-7502,
-7505,
-7508,
-7511,
-7514,
-7517,
-7520,
-7523,
-7526,
-7529,
-7532,
-7535,
-7538,
-7541,
-7544,
-7547,
-7550,
-7553,
-7556,
-7558,
-7561,
-7564,
-7567,
-7570,
-7573,
-7576,
-7579,
-7582,
-7585,
-7588,
-7591,
-7594,
-7597,
-7600,
-7602,
-7605,
-7608,
-7611,
-7614,
-7617,
-7620,
-7623,
-7626,
-7629,
-7632,
-7635,
-7637,
-7640,
-7643,
-7646,
-7649,
-7652,
-7655,
-7658,
-7661,
-7664,
-7667,
-7669,
-7672,
-7675,
-7678,
-7681,
-7684,
-7687,
-7690,
-7693,
-7695,
-7698,
-7701,
-7704,
-7707,
-7710,
-7713,
-7716,
-7719,
-7721,
-7724,
-7727,
-7730,
-7733,
-7736,
-7739,
-7742,
-7744,
-7747,
-7750,
-7753,
-7756,
-7759,
-7762,
-7764,
-7767,
-7770,
-7773,
-7776,
-7779,
-7782,
-7784,
-7787,
-7790,
-7793,
-7796,
-7799,
-7802,
-7804,
-7807,
-7810,
-7813,
-7816,
-7819,
-7821,
-7824,
-7827,
-7830,
-7833,
-7836,
-7838,
-7841,
-7844,
-7847,
-7850,
-7853,
-7855,
-7858,
-7861,
-7864,
-7867,
-7870,
-7872,
-7875,
-7878,
-7881,
-7884,
-7886,
-7889,
-7892,
-7895,
-7898,
-7900,
-7903,
-7906,
-7909,
-7912,
-7914,
-7917,
-7920,
-7923,
-7926,
-7928,
-7931,
-7934,
-7937,
-7940,
-7942,
-7945,
-7948,
-7951,
-7954,
-7956,
-7959,
-7962,
-7965,
-7967,
-7970,
-7973,
-7976,
-7979,
-7981,
-7984,
-7987,
-7990,
-7992,
-7995,
-7998,
-8001,
-8003,
-8006,
-8009,
-8012,
-8015,
-8017,
-8020,
-8023,
-8026,
-8028,
-8031,
-8034,
-8037,
-8039,
-8042,
-8045,
-8048,
-8050,
-8053,
-8056,
-8058,
-8061,
-8064,
-8067,
-8069,
-8072,
-8075,
-8078,
-8080,
-8083,
-8086,
-8089,
-8091,
-8094,
-8097,
-8099,
-8102,
-8105,
-8108,
-8110,
-8113,
-8116,
-8118,
-8121,
-8124,
-8127,
-8129,
-8132,
-8135,
-8137,
-8140,
-8143,
-8146,
-8148,
-8151,
-8154,
-8156,
-8159,
-8162,
-8164,
-8167,
-8170,
-8172,
-8175,
-8178,
-8181,
-8183,
-8186,
-8189,
-8191,
-8194,
-8197,
-8199,
-8202,
-8205,
-8207,
-8210,
-8213,
-8215,
-8218,
-8221,
-8223,
-8226,
-8229,
-8231,
-8234,
-8237,
-8239,
-8242,
-8245,
-8247,
-8250,
-8253,
-8255,
-8258,
-8261,
-8263,
-8266,
-8268,
-8271,
-8274,
-8276,
-8279,
-8282,
-8284,
-8287,
-8290,
-8292,
-8295,
-8298,
-8300,
-8303,
-8305,
-8308,
-8311,
-8313,
-8316,
-8319,
-8321,
-8324,
-8326,
-8329,
-8332,
-8334,
-8337,
-8339,
-8342,
-8345,
-8347,
-8350,
-8353,
-8355,
-8358,
-8360,
-8363,
-8366,
-8368,
-8371,
-8373,
-8376,
-8379,
-8381,
-8384,
-8386,
-8389,
-8391,
-8394,
-8397,
-8399,
-8402,
-8404,
-8407,
-8410,
-8412,
-8415,
-8417,
-8420,
-8422,
-8425,
-8428,
-8430,
-8433,
-8435,
-8438,
-8440,
-8443,
-8446,
-8448,
-8451,
-8453,
-8456,
-8458,
-8461,
-8463,
-8466,
-8469,
-8471,
-8474,
-8476,
-8479,
-8481,
-8484,
-8486,
-8489,
-8491,
-8494,
-8497,
-8499,
-8502,
-8504,
-8507,
-8509,
-8512,
-8514,
-8517,
-8519,
-8522,
-8524,
-8527,
-8529,
-8532,
-8534,
-8537,
-8539,
-8542,
-8545,
-8547,
-8550,
-8552,
-8555,
-8557,
-8560,
-8562,
-8565,
-8567,
-8570,
-8572,
-8575,
-8577,
-8580,
-8582,
-8585,
-8587,
-8590,
-8592,
-8595,
-8597,
-8599,
-8602,
-8604,
-8607,
-8609,
-8612,
-8614,
-8617,
-8619,
-8622,
-8624,
-8627,
-8629,
-8632,
-8634,
-8637,
-8639,
-8642,
-8644,
-8646,
-8649,
-8651,
-8654,
-8656,
-8659,
-8661,
-8664,
-8666,
-8669,
-8671,
-8673,
-8676,
-8678,
-8681,
-8683,
-8686,
-8688,
-8691,
-8693,
-8695,
-8698,
-8700,
-8703,
-8705,
-8708,
-8710,
-8712,
-8715,
-8717,
-8720,
-8722,
-8725,
-8727,
-8729,
-8732,
-8734,
-8737,
-8739,
-8741,
-8744,
-8746,
-8749,
-8751,
-8754,
-8756,
-8758,
-8761,
-8763,
-8766,
-8768,
-8770,
-8773,
-8775,
-8778,
-8780,
-8782,
-8785,
-8787,
-8789,
-8792,
-8794,
-8797,
-8799,
-8801,
-8804,
-8806,
-8809,
-8811,
-8813,
-8816,
-8818,
-8820,
-8823,
-8825,
-8827,
-8830,
-8832,
-8835,
-8837,
-8839,
-8842,
-8844,
-8846,
-8849,
-8851,
-8853,
-8856,
-8858,
-8860,
-8863,
-8865,
-8867,
-8870,
-8872,
-8875,
-8877,
-8879,
-8882,
-8884,
-8886,
-8889,
-8891,
-8893,
-8895,
-8898,
-8900,
-8902,
-8905,
-8907,
-8909,
-8912,
-8914,
-8916,
-8919,
-8921,
-8923,
-8926,
-8928,
-8930,
-8933,
-8935,
-8937,
-8939,
-8942,
-8944,
-8946,
-8949,
-8951,
-8953,
-8956,
-8958,
-8960,
-8962,
-8965,
-8967,
-8969,
-8972,
-8974,
-8976,
-8978,
-8981,
-8983,
-8985,
-8988,
-8990,
-8992,
-8994,
-8997,
-8999,
-9001,
-9003,
-9006,
-9008,
-9010,
-9012,
-9015,
-9017,
-9019,
-9021,
-9024,
-9026,
-9028,
-9031,
-9033,
-9035,
-9037,
-9039,
-9042,
-9044,
-9046,
-9048,
-9051,
-9053,
-9055,
-9057,
-9060,
-9062,
-9064,
-9066,
-9069,
-9071,
-9073,
-9075,
-9077,
-9080,
-9082,
-9084,
-9086,
-9089,
-9091,
-9093,
-9095,
-9097,
-9100,
-9102,
-9104,
-9106,
-9108,
-9111,
-9113,
-9115,
-9117,
-9119,
-9122,
-9124,
-9126,
-9128,
-9130,
-9133,
-9135,
-9137,
-9139,
-9141,
-9143,
-9146,
-9148,
-9150,
-9152,
-9154,
-9157,
-9159,
-9161,
-9163,
-9165,
-9167,
-9170,
-9172,
-9174,
-9176,
-9178,
-9180,
-9183,
-9185,
-9187,
-9189,
-9191,
-9193,
-9195,
-9198,
-9200,
-9202,
-9204,
-9206,
-9208,
-9210,
-9213,
-9215,
-9217,
-9219,
-9221,
-9223,
-9225,
-9228,
-9230,
-9232,
-9234,
-9236,
-9238,
-9240,
-9242,
-9245,
-9247,
-9249,
-9251,
-9253,
-9255,
-9257,
-9259,
-9261,
-9264,
-9266,
-9268,
-9270,
-9272,
-9274,
-9276,
-9278,
-9280,
-9282,
-9284,
-9287,
-9289,
-9291,
-9293,
-9295,
-9297,
-9299,
-9301,
-9303,
-9305,
-9307,
-9309,
-9312,
-9314,
-9316,
-9318,
-9320,
-9322,
-9324,
-9326,
-9328,
-9330,
-9332,
-9334,
-9336,
-9338,
-9340,
-9343,
-9345,
-9347,
-9349,
-9351,
-9353,
-9355,
-9357,
-9359,
-9361,
-9363,
-9365,
-9367,
-9369,
-9371,
-9373,
-9375,
-9377,
-9379,
-9381,
-9383,
-9385,
-9387,
-9389,
-9391,
-9393,
-9395,
-9397,
-9399,
-9401,
-9403,
-9406,
-9408,
-9410,
-9412,
-9414,
-9416,
-9418,
-9420,
-9422,
-9424,
-9426,
-9428,
-9430,
-9432,
-9434,
-9436,
-9438,
-9439,
-9441,
-9443,
-9445,
-9447,
-9449,
-9451,
-9453,
-9455,
-9457,
-9459,
-9461,
-9463,
-9465,
-9467,
-9469,
-9471,
-9473,
-9475,
-9477,
-9479,
-9481,
-9483,
-9485,
-9487,
-9489,
-9491,
-9493,
-9495,
-9497,
-9498,
-9500,
-9502,
-9504,
-9506,
-9508,
-9510,
-9512,
-9514,
-9516,
-9518,
-9520,
-9522,
-9524,
-9526,
-9527,
-9529,
-9531,
-9533,
-9535,
-9537,
-9539,
-9541,
-9543,
-9545,
-9547,
-9549,
-9550,
-9552,
-9554,
-9556,
-9558,
-9560,
-9562,
-9564,
-9566,
-9568,
-9569,
-9571,
-9573,
-9575,
-9577,
-9579,
-9581,
-9583,
-9585,
-9586,
-9588,
-9590,
-9592,
-9594,
-9596,
-9598,
-9600,
-9601,
-9603,
-9605,
-9607,
-9609,
-9611,
-9613,
-9615,
-9616,
-9618,
-9620,
-9622,
-9624,
-9626,
-9628,
-9629,
-9631,
-9633,
-9635,
-9637,
-9639,
-9640,
-9642,
-9644,
-9646,
-9648,
-9650,
-9651,
-9653,
-9655,
-9657,
-9659,
-9661,
-9662,
-9664,
-9666,
-9668,
-9670,
-9671,
-9673,
-9675,
-9677,
-9679,
-9681,
-9682,
-9684,
-9686,
-9688,
-9690,
-9691,
-9693,
-9695,
-9697,
-9699,
-9700,
-9702,
-9704,
-9706,
-9708,
-9709,
-9711,
-9713,
-9715,
-9716,
-9718,
-9720,
-9722,
-9724,
-9725,
-9727,
-9729,
-9731,
-9732,
-9734,
-9736,
-9738,
-9739,
-9741,
-9743,
-9745,
-9746,
-9748,
-9750,
-9752,
-9753,
-9755,
-9757,
-9759,
-9760,
-9762,
-9764,
-9766,
-9767,
-9769,
-9771,
-9773,
-9774,
-9776,
-9778,
-9780,
-9781,
-9783,
-9785,
-9786,
-9788,
-9790,
-9792,
-9793,
-9795,
-9797,
-9799,
-9800,
-9802,
-9804,
-9805,
-9807,
-9809,
-9810,
-9812,
-9814,
-9816,
-9817,
-9819,
-9821,
-9822,
-9824,
-9826,
-9827,
-9829,
-9831,
-9832,
-9834,
-9836,
-9838,
-9839,
-9841,
-9843,
-9844,
-9846,
-9848,
-9849,
-9851,
-9853,
-9854,
-9856,
-9858,
-9859,
-9861,
-9863,
-9864,
-9866,
-9867,
-9869,
-9871,
-9872,
-9874,
-9876,
-9877,
-9879,
-9881,
-9882,
-9884,
-9886,
-9887,
-9889,
-9890,
-9892,
-9894,
-9895,
-9897,
-9899,
-9900,
-9902,
-9904,
-9905,
-9907,
-9908,
-9910,
-9912,
-9913,
-9915,
-9916,
-9918,
-9920,
-9921,
-9923,
-9924,
-9926,
-9928,
-9929,
-9931,
-9932,
-9934,
-9936,
-9937,
-9939,
-9940,
-9942,
-9944,
-9945,
-9947,
-9948,
-9950,
-9951,
-9953,
-9955,
-9956,
-9958,
-9959,
-9961,
-9962,
-9964,
-9966,
-9967,
-9969,
-9970,
-9972,
-9973,
-9975,
-9977,
-9978,
-9980,
-9981,
-9983,
-9984,
-9986,
-9987,
-9989,
-9990,
-9992,
-9994,
-9995,
-9997,
-9998,
-10000,
-10001,
-10003,
-10004,
-10006,
-10007,
-10009,
-10010,
-10012,
-10013,
-10015,
-10016,
-10018,
-10019,
-10021,
-10022,
-10024,
-10026,
-10027,
-10029,
-10030,
-10032,
-10033,
-10035,
-10036,
-10038,
-10039,
-10041,
-10042,
-10043,
-10045,
-10046,
-10048,
-10049,
-10051,
-10052,
-10054,
-10055,
-10057,
-10058,
-10060,
-10061,
-10063,
-10064,
-10066,
-10067,
-10069,
-10070,
-10072,
-10073,
-10074,
-10076,
-10077,
-10079,
-10080,
-10082,
-10083,
-10085,
-10086,
-10087,
-10089,
-10090,
-10092,
-10093,
-10095,
-10096,
-10098,
-10099,
-10100,
-10102,
-10103,
-10105,
-10106,
-10108,
-10109,
-10110,
-10112,
-10113,
-10115,
-10116,
-10118,
-10119,
-10120,
-10122,
-10123,
-10125,
-10126,
-10127,
-10129,
-10130,
-10132,
-10133,
-10134,
-10136,
-10137,
-10139,
-10140,
-10141,
-10143,
-10144,
-10145,
-10147,
-10148,
-10150,
-10151,
-10152,
-10154,
-10155,
-10157,
-10158,
-10159,
-10161,
-10162,
-10163,
-10165,
-10166,
-10167,
-10169,
-10170,
-10172,
-10173,
-10174,
-10176,
-10177,
-10178,
-10180,
-10181,
-10182,
-10184,
-10185,
-10186,
-10188,
-10189,
-10190,
-10192,
-10193,
-10194,
-10196,
-10197,
-10198,
-10200,
-10201,
-10202,
-10204,
-10205,
-10206,
-10208,
-10209,
-10210,
-10211,
-10213,
-10214,
-10215,
-10217,
-10218,
-10219,
-10221,
-10222,
-10223,
-10225,
-10226,
-10227,
-10228,
-10230,
-10231,
-10232,
-10234,
-10235,
-10236,
-10237,
-10239,
-10240,
-10241,
-10243,
-10244,
-10245,
-10246,
-10248,
-10249,
-10250,
-10251,
-10253,
-10254,
-10255,
-10256,
-10258,
-10259,
-10260,
-10261,
-10263,
-10264,
-10265,
-10266,
-10268,
-10269,
-10270,
-10271,
-10273,
-10274,
-10275,
-10276,
-10278,
-10279,
-10280,
-10281,
-10283,
-10284,
-10285,
-10286,
-10287,
-10289,
-10290,
-10291,
-10292,
-10293,
-10295,
-10296,
-10297,
-10298,
-10300,
-10301,
-10302,
-10303,
-10304,
-10306,
-10307,
-10308,
-10309,
-10310,
-10311,
-10313,
-10314,
-10315,
-10316,
-10317,
-10319,
-10320,
-10321,
-10322,
-10323,
-10324,
-10326,
-10327,
-10328,
-10329,
-10330,
-10332,
-10333,
-10334,
-10335,
-10336,
-10337,
-10338,
-10340,
-10341,
-10342,
-10343,
-10344,
-10345,
-10347,
-10348,
-10349,
-10350,
-10351,
-10352,
-10353,
-10354,
-10356,
-10357,
-10358,
-10359,
-10360,
-10361,
-10362,
-10363,
-10365,
-10366,
-10367,
-10368,
-10369,
-10370,
-10371,
-10372,
-10374,
-10375,
-10376,
-10377,
-10378,
-10379,
-10380,
-10381,
-10382,
-10383,
-10385,
-10386,
-10387,
-10388,
-10389,
-10390,
-10391,
-10392,
-10393,
-10394,
-10395,
-10396,
-10398,
-10399,
-10400,
-10401,
-10402,
-10403,
-10404,
-10405,
-10406,
-10407,
-10408,
-10409,
-10410,
-10411,
-10412,
-10413,
-10415,
-10416,
-10417,
-10418,
-10419,
-10420,
-10421,
-10422,
-10423,
-10424,
-10425,
-10426,
-10427,
-10428,
-10429,
-10430,
-10431,
-10432,
-10433,
-10434,
-10435,
-10436,
-10437,
-10438,
-10439,
-10440,
-10441,
-10442,
-10443,
-10444,
-10445,
-10446,
-10447,
-10448,
-10449,
-10450,
-10451,
-10452,
-10453,
-10454,
-10455,
-10456,
-10457,
-10458,
-10459,
-10460,
-10461,
-10462,
-10463,
-10464,
-10465,
-10466,
-10467,
-10468,
-10469,
-10470,
-10471,
-10472,
-10473,
-10474,
-10475,
-10476,
-10477,
-10478,
-10479,
-10479,
-10480,
-10481,
-10482,
-10483,
-10484,
-10485,
-10486,
-10487,
-10488,
-10489,
-10490,
-10491,
-10492,
-10493,
-10494,
-10494,
-10495,
-10496,
-10497,
-10498,
-10499,
-10500,
-10501,
-10502,
-10503,
-10504,
-10505,
-10505,
-10506,
-10507,
-10508,
-10509,
-10510,
-10511,
-10512,
-10513,
-10514,
-10514,
-10515,
-10516,
-10517,
-10518,
-10519,
-10520,
-10521,
-10522,
-10522,
-10523,
-10524,
-10525,
-10526,
-10527,
-10528,
-10528,
-10529,
-10530,
-10531,
-10532,
-10533,
-10534,
-10535,
-10535,
-10536,
-10537,
-10538,
-10539,
-10540,
-10540,
-10541,
-10542,
-10543,
-10544,
-10545,
-10546,
-10546,
-10547,
-10548,
-10549,
-10550,
-10550,
-10551,
-10552,
-10553,
-10554,
-10555,
-10555,
-10556,
-10557,
-10558,
-10559,
-10559,
-10560,
-10561,
-10562,
-10563,
-10564,
-10564,
-10565,
-10566,
-10567,
-10567,
-10568,
-10569,
-10570,
-10571,
-10571,
-10572,
-10573,
-10574,
-10575,
-10575,
-10576,
-10577,
-10578,
-10578,
-10579,
-10580,
-10581,
-10582,
-10582,
-10583,
-10584,
-10585,
-10585,
-10586,
-10587,
-10588,
-10588,
-10589,
-10590,
-10591,
-10591,
-10592,
-10593,
-10594,
-10594,
-10595,
-10596,
-10597,
-10597,
-10598,
-10599,
-10599,
-10600,
-10601,
-10602,
-10602,
-10603,
-10604,
-10604,
-10605,
-10606,
-10607,
-10607,
-10608,
-10609,
-10609,
-10610,
-10611,
-10612,
-10612,
-10613,
-10614,
-10614,
-10615,
-10616,
-10616,
-10617,
-10618,
-10619,
-10619,
-10620,
-10621,
-10621,
-10622,
-10623,
-10623,
-10624,
-10625,
-10625,
-10626,
-10627,
-10627,
-10628,
-10629,
-10629,
-10630,
-10631,
-10631,
-10632,
-10633,
-10633,
-10634,
-10635,
-10635,
-10636,
-10636,
-10637,
-10638,
-10638,
-10639,
-10640,
-10640,
-10641,
-10642,
-10642,
-10643,
-10643,
-10644,
-10645,
-10645,
-10646,
-10647,
-10647,
-10648,
-10648,
-10649,
-10650,
-10650,
-10651,
-10651,
-10652,
-10653,
-10653,
-10654,
-10654,
-10655,
-10656,
-10656,
-10657,
-10657,
-10658,
-10659,
-10659,
-10660,
-10660,
-10661,
-10662,
-10662,
-10663,
-10663,
-10664,
-10664,
-10665,
-10666,
-10666,
-10667,
-10667,
-10668,
-10668,
-10669,
-10669,
-10670,
-10671,
-10671,
-10672,
-10672,
-10673,
-10673,
-10674,
-10674,
-10675,
-10676,
-10676,
-10677,
-10677,
-10678,
-10678,
-10679,
-10679,
-10680,
-10680,
-10681,
-10681,
-10682,
-10682,
-10683,
-10683,
-10684,
-10684,
-10685,
-10685,
-10686,
-10687,
-10687,
-10688,
-10688,
-10689,
-10689,
-10690,
-10690,
-10691,
-10691,
-10692,
-10692,
-10692,
-10693,
-10693,
-10694,
-10694,
-10695,
-10695,
-10696,
-10696,
-10697,
-10697,
-10698,
-10698,
-10699,
-10699,
-10700,
-10700,
-10701,
-10701,
-10701,
-10702,
-10702,
-10703,
-10703,
-10704,
-10704,
-10705,
-10705,
-10706,
-10706,
-10706,
-10707,
-10707,
-10708,
-10708,
-10709,
-10709,
-10709,
-10710,
-10710,
-10711,
-10711,
-10712,
-10712,
-10712,
-10713,
-10713,
-10714,
-10714,
-10715,
-10715,
-10715,
-10716,
-10716,
-10717,
-10717,
-10717,
-10718,
-10718,
-10719,
-10719,
-10719,
-10720,
-10720,
-10721,
-10721,
-10721,
-10722,
-10722,
-10722,
-10723,
-10723,
-10724,
-10724,
-10724,
-10725,
-10725,
-10725,
-10726,
-10726,
-10727,
-10727,
-10727,
-10728,
-10728,
-10728,
-10729,
-10729,
-10729,
-10730,
-10730,
-10730,
-10731,
-10731,
-10731,
-10732,
-10732,
-10732,
-10733,
-10733,
-10733,
-10734,
-10734,
-10734,
-10735,
-10735,
-10735,
-10736,
-10736,
-10736,
-10737,
-10737,
-10737,
-10738,
-10738,
-10738,
-10739,
-10739,
-10739,
-10739,
-10740,
-10740,
-10740,
-10741,
-10741,
-10741,
-10741,
-10742,
-10742,
-10742,
-10743,
-10743,
-10743,
-10743,
-10744,
-10744,
-10744,
-10745,
-10745,
-10745,
-10745,
-10746,
-10746,
-10746,
-10746,
-10747,
-10747,
-10747,
-10747,
-10748,
-10748,
-10748,
-10748,
-10749,
-10749,
-10749,
-10749,
-10750,
-10750,
-10750,
-10750,
-10751,
-10751,
-10751,
-10751,
-10752,
-10752,
-10752,
-10752,
-10752,
-10753,
-10753,
-10753,
-10753,
-10754,
-10754,
-10754,
-10754,
-10754,
-10755,
-10755,
-10755,
-10755,
-10755,
-10756,
-10756,
-10756,
-10756,
-10756,
-10757,
-10757,
-10757,
-10757,
-10757,
-10758,
-10758,
-10758,
-10758,
-10758,
-10758,
-10759,
-10759,
-10759,
-10759,
-10759,
-10759,
-10760,
-10760,
-10760,
-10760,
-10760,
-10760,
-10761,
-10761,
-10761,
-10761,
-10761,
-10761,
-10761,
-10762,
-10762,
-10762,
-10762,
-10762,
-10762,
-10762,
-10763,
-10763,
-10763,
-10763,
-10763,
-10763,
-10763,
-10763,
-10764,
-10764,
-10764,
-10764,
-10764,
-10764,
-10764,
-10764,
-10764,
-10765,
-10765,
-10765,
-10765,
-10765,
-10765,
-10765,
-10765,
-10765,
-10765,
-10766,
-10766,
-10766,
-10766,
-10766,
-10766,
-10766,
-10766,
-10766,
-10766,
-10766,
-10766,
-10766,
-10767,
-10767,
-10767,
-10767,
-10767,
-10767,
-10767,
-10767,
-10767,
-10767,
-10767,
-10767,
-10767,
-10767,
-10767,
-10767,
-10767,
-10767,
-10768,
-10768,
-10768,
-10768,
-10768,
-10768,
-10768,
-10768,
-10768,
-10768,
-10768,
-10768,
-10768,
-10768,
-10768,
-10768,
-10768,
-10768,
-10768,
-10768,
-10768,
-10768,
-10768,
-10768,
-10768,
-10768,
-10768,
-10768,
-10768,
-10768,
-10768,
-10768,
-10768,
-10768,
-10768,
-10768,
-10768,
-10768,
-10768,
-10768,
-10768,
-10768,
-10768,
-10768,
-10768,
-10768,
-10768,
-10768,
-10768,
-10768,
-10768,
-10767,
-10767,
-10767,
-10767,
-10767,
-10767,
-10767,
-10767,
-10767,
-10767,
-10767,
-10767,
-10767,
-10767,
-10767,
-10767,
-10767,
-10767,
-10766,
-10766,
-10766,
-10766,
-10766,
-10766,
-10766,
-10766,
-10766,
-10766,
-10766,
-10766,
-10766,
-10765,
-10765,
-10765,
-10765,
-10765,
-10765,
-10765,
-10765,
-10765,
-10765,
-10764,
-10764,
-10764,
-10764,
-10764,
-10764,
-10764,
-10764,
-10764,
-10763,
-10763,
-10763,
-10763,
-10763,
-10763,
-10763,
-10763,
-10762,
-10762,
-10762,
-10762,
-10762,
-10762,
-10762,
-10761,
-10761,
-10761,
-10761,
-10761,
-10761,
-10761,
-10760,
-10760,
-10760,
-10760,
-10760,
-10760,
-10759,
-10759,
-10759,
-10759,
-10759,
-10759,
-10758,
-10758,
-10758,
-10758,
-10758,
-10758,
-10757,
-10757,
-10757,
-10757,
-10757,
-10756,
-10756,
-10756,
-10756,
-10756,
-10755,
-10755,
-10755,
-10755,
-10755,
-10754,
-10754,
-10754,
-10754,
-10754,
-10753,
-10753,
-10753,
-10753,
-10752,
-10752,
-10752,
-10752,
-10752,
-10751,
-10751,
-10751,
-10751,
-10750,
-10750,
-10750,
-10750,
-10749,
-10749,
-10749,
-10749,
-10748,
-10748,
-10748,
-10748,
-10747,
-10747,
-10747,
-10747,
-10746,
-10746,
-10746,
-10746,
-10745,
-10745,
-10745,
-10745,
-10744,
-10744,
-10744,
-10743,
-10743,
-10743,
-10743,
-10742,
-10742,
-10742,
-10741,
-10741,
-10741,
-10741,
-10740,
-10740,
-10740,
-10739,
-10739,
-10739,
-10739,
-10738,
-10738,
-10738,
-10737,
-10737,
-10737,
-10736,
-10736,
-10736,
-10735,
-10735,
-10735,
-10734,
-10734,
-10734,
-10733,
-10733,
-10733,
-10732,
-10732,
-10732,
-10731,
-10731,
-10731,
-10730,
-10730,
-10730,
-10729,
-10729,
-10729,
-10728,
-10728,
-10728,
-10727,
-10727,
-10727,
-10726,
-10726,
-10725,
-10725,
-10725,
-10724,
-10724,
-10724,
-10723,
-10723,
-10722,
-10722,
-10722,
-10721,
-10721,
-10721,
-10720,
-10720,
-10719,
-10719,
-10719,
-10718,
-10718,
-10717,
-10717,
-10717,
-10716,
-10716,
-10715,
-10715,
-10715,
-10714,
-10714,
-10713,
-10713,
-10712,
-10712,
-10712,
-10711,
-10711,
-10710,
-10710,
-10709,
-10709,
-10709,
-10708,
-10708,
-10707,
-10707,
-10706,
-10706,
-10706,
-10705,
-10705,
-10704,
-10704,
-10703,
-10703,
-10702,
-10702,
-10701,
-10701,
-10701,
-10700,
-10700,
-10699,
-10699,
-10698,
-10698,
-10697,
-10697,
-10696,
-10696,
-10695,
-10695,
-10694,
-10694,
-10693,
-10693,
-10692,
-10692,
-10692,
-10691,
-10691,
-10690,
-10690,
-10689,
-10689,
-10688,
-10688,
-10687,
-10687,
-10686,
-10685,
-10685,
-10684,
-10684,
-10683,
-10683,
-10682,
-10682,
-10681,
-10681,
-10680,
-10680,
-10679,
-10679,
-10678,
-10678,
-10677,
-10677,
-10676,
-10676,
-10675,
-10674,
-10674,
-10673,
-10673,
-10672,
-10672,
-10671,
-10671,
-10670,
-10669,
-10669,
-10668,
-10668,
-10667,
-10667,
-10666,
-10666,
-10665,
-10664,
-10664,
-10663,
-10663,
-10662,
-10662,
-10661,
-10660,
-10660,
-10659,
-10659,
-10658,
-10657,
-10657,
-10656,
-10656,
-10655,
-10654,
-10654,
-10653,
-10653,
-10652,
-10651,
-10651,
-10650,
-10650,
-10649,
-10648,
-10648,
-10647,
-10647,
-10646,
-10645,
-10645,
-10644,
-10643,
-10643,
-10642,
-10642,
-10641,
-10640,
-10640,
-10639,
-10638,
-10638,
-10637,
-10636,
-10636,
-10635,
-10635,
-10634,
-10633,
-10633,
-10632,
-10631,
-10631,
-10630,
-10629,
-10629,
-10628,
-10627,
-10627,
-10626,
-10625,
-10625,
-10624,
-10623,
-10623,
-10622,
-10621,
-10621,
-10620,
-10619,
-10619,
-10618,
-10617,
-10616,
-10616,
-10615,
-10614,
-10614,
-10613,
-10612,
-10612,
-10611,
-10610,
-10609,
-10609,
-10608,
-10607,
-10607,
-10606,
-10605,
-10604,
-10604,
-10603,
-10602,
-10602,
-10601,
-10600,
-10599,
-10599,
-10598,
-10597,
-10597,
-10596,
-10595,
-10594,
-10594,
-10593,
-10592,
-10591,
-10591,
-10590,
-10589,
-10588,
-10588,
-10587,
-10586,
-10585,
-10585,
-10584,
-10583,
-10582,
-10582,
-10581,
-10580,
-10579,
-10578,
-10578,
-10577,
-10576,
-10575,
-10575,
-10574,
-10573,
-10572,
-10571,
-10571,
-10570,
-10569,
-10568,
-10567,
-10567,
-10566,
-10565,
-10564,
-10564,
-10563,
-10562,
-10561,
-10560,
-10559,
-10559,
-10558,
-10557,
-10556,
-10555,
-10555,
-10554,
-10553,
-10552,
-10551,
-10550,
-10550,
-10549,
-10548,
-10547,
-10546,
-10546,
-10545,
-10544,
-10543,
-10542,
-10541,
-10540,
-10540,
-10539,
-10538,
-10537,
-10536,
-10535,
-10535,
-10534,
-10533,
-10532,
-10531,
-10530,
-10529,
-10528,
-10528,
-10527,
-10526,
-10525,
-10524,
-10523,
-10522,
-10522,
-10521,
-10520,
-10519,
-10518,
-10517,
-10516,
-10515,
-10514,
-10514,
-10513,
-10512,
-10511,
-10510,
-10509,
-10508,
-10507,
-10506,
-10505,
-10505,
-10504,
-10503,
-10502,
-10501,
-10500,
-10499,
-10498,
-10497,
-10496,
-10495,
-10494,
-10494,
-10493,
-10492,
-10491,
-10490,
-10489,
-10488,
-10487,
-10486,
-10485,
-10484,
-10483,
-10482,
-10481,
-10480,
-10479,
-10479,
-10478,
-10477,
-10476,
-10475,
-10474,
-10473,
-10472,
-10471,
-10470,
-10469,
-10468,
-10467,
-10466,
-10465,
-10464,
-10463,
-10462,
-10461,
-10460,
-10459,
-10458,
-10457,
-10456,
-10455,
-10454,
-10453,
-10452,
-10451,
-10450,
-10449,
-10448,
-10447,
-10446,
-10445,
-10444,
-10443,
-10442,
-10441,
-10440,
-10439,
-10438,
-10437,
-10436,
-10435,
-10434,
-10433,
-10432,
-10431,
-10430,
-10429,
-10428,
-10427,
-10426,
-10425,
-10424,
-10423,
-10422,
-10421,
-10420,
-10419,
-10418,
-10417,
-10416,
-10415,
-10413,
-10412,
-10411,
-10410,
-10409,
-10408,
-10407,
-10406,
-10405,
-10404,
-10403,
-10402,
-10401,
-10400,
-10399,
-10398,
-10396,
-10395,
-10394,
-10393,
-10392,
-10391,
-10390,
-10389,
-10388,
-10387,
-10386,
-10385,
-10383,
-10382,
-10381,
-10380,
-10379,
-10378,
-10377,
-10376,
-10375,
-10374,
-10372,
-10371,
-10370,
-10369,
-10368,
-10367,
-10366,
-10365,
-10363,
-10362,
-10361,
-10360,
-10359,
-10358,
-10357,
-10356,
-10354,
-10353,
-10352,
-10351,
-10350,
-10349,
-10348,
-10347,
-10345,
-10344,
-10343,
-10342,
-10341,
-10340,
-10338,
-10337,
-10336,
-10335,
-10334,
-10333,
-10332,
-10330,
-10329,
-10328,
-10327,
-10326,
-10324,
-10323,
-10322,
-10321,
-10320,
-10319,
-10317,
-10316,
-10315,
-10314,
-10313,
-10311,
-10310,
-10309,
-10308,
-10307,
-10306,
-10304,
-10303,
-10302,
-10301,
-10300,
-10298,
-10297,
-10296,
-10295,
-10293,
-10292,
-10291,
-10290,
-10289,
-10287,
-10286,
-10285,
-10284,
-10283,
-10281,
-10280,
-10279,
-10278,
-10276,
-10275,
-10274,
-10273,
-10271,
-10270,
-10269,
-10268,
-10266,
-10265,
-10264,
-10263,
-10261,
-10260,
-10259,
-10258,
-10256,
-10255,
-10254,
-10253,
-10251,
-10250,
-10249,
-10248,
-10246,
-10245,
-10244,
-10243,
-10241,
-10240,
-10239,
-10237,
-10236,
-10235,
-10234,
-10232,
-10231,
-10230,
-10228,
-10227,
-10226,
-10225,
-10223,
-10222,
-10221,
-10219,
-10218,
-10217,
-10215,
-10214,
-10213,
-10211,
-10210,
-10209,
-10208,
-10206,
-10205,
-10204,
-10202,
-10201,
-10200,
-10198,
-10197,
-10196,
-10194,
-10193,
-10192,
-10190,
-10189,
-10188,
-10186,
-10185,
-10184,
-10182,
-10181,
-10180,
-10178,
-10177,
-10176,
-10174,
-10173,
-10172,
-10170,
-10169,
-10167,
-10166,
-10165,
-10163,
-10162,
-10161,
-10159,
-10158,
-10157,
-10155,
-10154,
-10152,
-10151,
-10150,
-10148,
-10147,
-10145,
-10144,
-10143,
-10141,
-10140,
-10139,
-10137,
-10136,
-10134,
-10133,
-10132,
-10130,
-10129,
-10127,
-10126,
-10125,
-10123,
-10122,
-10120,
-10119,
-10118,
-10116,
-10115,
-10113,
-10112,
-10110,
-10109,
-10108,
-10106,
-10105,
-10103,
-10102,
-10100,
-10099,
-10098,
-10096,
-10095,
-10093,
-10092,
-10090,
-10089,
-10087,
-10086,
-10085,
-10083,
-10082,
-10080,
-10079,
-10077,
-10076,
-10074,
-10073,
-10072,
-10070,
-10069,
-10067,
-10066,
-10064,
-10063,
-10061,
-10060,
-10058,
-10057,
-10055,
-10054,
-10052,
-10051,
-10049,
-10048,
-10046,
-10045,
-10043,
-10042,
-10041,
-10039,
-10038,
-10036,
-10035,
-10033,
-10032,
-10030,
-10029,
-10027,
-10026,
-10024,
-10022,
-10021,
-10019,
-10018,
-10016,
-10015,
-10013,
-10012,
-10010,
-10009,
-10007,
-10006,
-10004,
-10003,
-10001,
-10000,
-9998,
-9997,
-9995,
-9994,
-9992,
-9990,
-9989,
-9987,
-9986,
-9984,
-9983,
-9981,
-9980,
-9978,
-9977,
-9975,
-9973,
-9972,
-9970,
-9969,
-9967,
-9966,
-9964,
-9962,
-9961,
-9959,
-9958,
-9956,
-9955,
-9953,
-9951,
-9950,
-9948,
-9947,
-9945,
-9944,
-9942,
-9940,
-9939,
-9937,
-9936,
-9934,
-9932,
-9931,
-9929,
-9928,
-9926,
-9924,
-9923,
-9921,
-9920,
-9918,
-9916,
-9915,
-9913,
-9912,
-9910,
-9908,
-9907,
-9905,
-9904,
-9902,
-9900,
-9899,
-9897,
-9895,
-9894,
-9892,
-9890,
-9889,
-9887,
-9886,
-9884,
-9882,
-9881,
-9879,
-9877,
-9876,
-9874,
-9872,
-9871,
-9869,
-9867,
-9866,
-9864,
-9863,
-9861,
-9859,
-9858,
-9856,
-9854,
-9853,
-9851,
-9849,
-9848,
-9846,
-9844,
-9843,
-9841,
-9839,
-9838,
-9836,
-9834,
-9832,
-9831,
-9829,
-9827,
-9826,
-9824,
-9822,
-9821,
-9819,
-9817,
-9816,
-9814,
-9812,
-9810,
-9809,
-9807,
-9805,
-9804,
-9802,
-9800,
-9799,
-9797,
-9795,
-9793,
-9792,
-9790,
-9788,
-9786,
-9785,
-9783,
-9781,
-9780,
-9778,
-9776,
-9774,
-9773,
-9771,
-9769,
-9767,
-9766,
-9764,
-9762,
-9760,
-9759,
-9757,
-9755,
-9753,
-9752,
-9750,
-9748,
-9746,
-9745,
-9743,
-9741,
-9739,
-9738,
-9736,
-9734,
-9732,
-9731,
-9729,
-9727,
-9725,
-9724,
-9722,
-9720,
-9718,
-9716,
-9715,
-9713,
-9711,
-9709,
-9708,
-9706,
-9704,
-9702,
-9700,
-9699,
-9697,
-9695,
-9693,
-9691,
-9690,
-9688,
-9686,
-9684,
-9682,
-9681,
-9679,
-9677,
-9675,
-9673,
-9671,
-9670,
-9668,
-9666,
-9664,
-9662,
-9661,
-9659,
-9657,
-9655,
-9653,
-9651,
-9650,
-9648,
-9646,
-9644,
-9642,
-9640,
-9639,
-9637,
-9635,
-9633,
-9631,
-9629,
-9628,
-9626,
-9624,
-9622,
-9620,
-9618,
-9616,
-9615,
-9613,
-9611,
-9609,
-9607,
-9605,
-9603,
-9601,
-9600,
-9598,
-9596,
-9594,
-9592,
-9590,
-9588,
-9586,
-9585,
-9583,
-9581,
-9579,
-9577,
-9575,
-9573,
-9571,
-9569,
-9568,
-9566,
-9564,
-9562,
-9560,
-9558,
-9556,
-9554,
-9552,
-9550,
-9549,
-9547,
-9545,
-9543,
-9541,
-9539,
-9537,
-9535,
-9533,
-9531,
-9529,
-9527,
-9526,
-9524,
-9522,
-9520,
-9518,
-9516,
-9514,
-9512,
-9510,
-9508,
-9506,
-9504,
-9502,
-9500,
-9498,
-9497,
-9495,
-9493,
-9491,
-9489,
-9487,
-9485,
-9483,
-9481,
-9479,
-9477,
-9475,
-9473,
-9471,
-9469,
-9467,
-9465,
-9463,
-9461,
-9459,
-9457,
-9455,
-9453,
-9451,
-9449,
-9447,
-9445,
-9443,
-9441,
-9439,
-9438,
-9436,
-9434,
-9432,
-9430,
-9428,
-9426,
-9424,
-9422,
-9420,
-9418,
-9416,
-9414,
-9412,
-9410,
-9408,
-9406,
-9403,
-9401,
-9399,
-9397,
-9395,
-9393,
-9391,
-9389,
-9387,
-9385,
-9383,
-9381,
-9379,
-9377,
-9375,
-9373,
-9371,
-9369,
-9367,
-9365,
-9363,
-9361,
-9359,
-9357,
-9355,
-9353,
-9351,
-9349,
-9347,
-9345,
-9343,
-9340,
-9338,
-9336,
-9334,
-9332,
-9330,
-9328,
-9326,
-9324,
-9322,
-9320,
-9318,
-9316,
-9314,
-9312,
-9309,
-9307,
-9305,
-9303,
-9301,
-9299,
-9297,
-9295,
-9293,
-9291,
-9289,
-9287,
-9284,
-9282,
-9280,
-9278,
-9276,
-9274,
-9272,
-9270,
-9268,
-9266,
-9264,
-9261,
-9259,
-9257,
-9255,
-9253,
-9251,
-9249,
-9247,
-9245,
-9242,
-9240,
-9238,
-9236,
-9234,
-9232,
-9230,
-9228,
-9225,
-9223,
-9221,
-9219,
-9217,
-9215,
-9213,
-9210,
-9208,
-9206,
-9204,
-9202,
-9200,
-9198,
-9195,
-9193,
-9191,
-9189,
-9187,
-9185,
-9183,
-9180,
-9178,
-9176,
-9174,
-9172,
-9170,
-9167,
-9165,
-9163,
-9161,
-9159,
-9157,
-9154,
-9152,
-9150,
-9148,
-9146,
-9143,
-9141,
-9139,
-9137,
-9135,
-9133,
-9130,
-9128,
-9126,
-9124,
-9122,
-9119,
-9117,
-9115,
-9113,
-9111,
-9108,
-9106,
-9104,
-9102,
-9100,
-9097,
-9095,
-9093,
-9091,
-9089,
-9086,
-9084,
-9082,
-9080,
-9077,
-9075,
-9073,
-9071,
-9069,
-9066,
-9064,
-9062,
-9060,
-9057,
-9055,
-9053,
-9051,
-9048,
-9046,
-9044,
-9042,
-9039,
-9037,
-9035,
-9033,
-9031,
-9028,
-9026,
-9024,
-9021,
-9019,
-9017,
-9015,
-9012,
-9010,
-9008,
-9006,
-9003,
-9001,
-8999,
-8997,
-8994,
-8992,
-8990,
-8988,
-8985,
-8983,
-8981,
-8978,
-8976,
-8974,
-8972,
-8969,
-8967,
-8965,
-8962,
-8960,
-8958,
-8956,
-8953,
-8951,
-8949,
-8946,
-8944,
-8942,
-8939,
-8937,
-8935,
-8933,
-8930,
-8928,
-8926,
-8923,
-8921,
-8919,
-8916,
-8914,
-8912,
-8909,
-8907,
-8905,
-8902,
-8900,
-8898,
-8895,
-8893,
-8891,
-8889,
-8886,
-8884,
-8882,
-8879,
-8877,
-8875,
-8872,
-8870,
-8867,
-8865,
-8863,
-8860,
-8858,
-8856,
-8853,
-8851,
-8849,
-8846,
-8844,
-8842,
-8839,
-8837,
-8835,
-8832,
-8830,
-8827,
-8825,
-8823,
-8820,
-8818,
-8816,
-8813,
-8811,
-8809,
-8806,
-8804,
-8801,
-8799,
-8797,
-8794,
-8792,
-8789,
-8787,
-8785,
-8782,
-8780,
-8778,
-8775,
-8773,
-8770,
-8768,
-8766,
-8763,
-8761,
-8758,
-8756,
-8754,
-8751,
-8749,
-8746,
-8744,
-8741,
-8739,
-8737,
-8734,
-8732,
-8729,
-8727,
-8725,
-8722,
-8720,
-8717,
-8715,
-8712,
-8710,
-8708,
-8705,
-8703,
-8700,
-8698,
-8695,
-8693,
-8691,
-8688,
-8686,
-8683,
-8681,
-8678,
-8676,
-8673,
-8671,
-8669,
-8666,
-8664,
-8661,
-8659,
-8656,
-8654,
-8651,
-8649,
-8646,
-8644,
-8642,
-8639,
-8637,
-8634,
-8632,
-8629,
-8627,
-8624,
-8622,
-8619,
-8617,
-8614,
-8612,
-8609,
-8607,
-8604,
-8602,
-8599,
-8597,
-8595,
-8592,
-8590,
-8587,
-8585,
-8582,
-8580,
-8577,
-8575,
-8572,
-8570,
-8567,
-8565,
-8562,
-8560,
-8557,
-8555,
-8552,
-8550,
-8547,
-8545,
-8542,
-8539,
-8537,
-8534,
-8532,
-8529,
-8527,
-8524,
-8522,
-8519,
-8517,
-8514,
-8512,
-8509,
-8507,
-8504,
-8502,
-8499,
-8497,
-8494,
-8491,
-8489,
-8486,
-8484,
-8481,
-8479,
-8476,
-8474,
-8471,
-8469,
-8466,
-8463,
-8461,
-8458,
-8456,
-8453,
-8451,
-8448,
-8446,
-8443,
-8440,
-8438,
-8435,
-8433,
-8430,
-8428,
-8425,
-8422,
-8420,
-8417,
-8415,
-8412,
-8410,
-8407,
-8404,
-8402,
-8399,
-8397,
-8394,
-8391,
-8389,
-8386,
-8384,
-8381,
-8379,
-8376,
-8373,
-8371,
-8368,
-8366,
-8363,
-8360,
-8358,
-8355,
-8353,
-8350,
-8347,
-8345,
-8342,
-8339,
-8337,
-8334,
-8332,
-8329,
-8326,
-8324,
-8321,
-8319,
-8316,
-8313,
-8311,
-8308,
-8305,
-8303,
-8300,
-8298,
-8295,
-8292,
-8290,
-8287,
-8284,
-8282,
-8279,
-8276,
-8274,
-8271,
-8268,
-8266,
-8263,
-8261,
-8258,
-8255,
-8253,
-8250,
-8247,
-8245,
-8242,
-8239,
-8237,
-8234,
-8231,
-8229,
-8226,
-8223,
-8221,
-8218,
-8215,
-8213,
-8210,
-8207,
-8205,
-8202,
-8199,
-8197,
-8194,
-8191,
-8189,
-8186,
-8183,
-8181,
-8178,
-8175,
-8172,
-8170,
-8167,
-8164,
-8162,
-8159,
-8156,
-8154,
-8151,
-8148,
-8146,
-8143,
-8140,
-8137,
-8135,
-8132,
-8129,
-8127,
-8124,
-8121,
-8118,
-8116,
-8113,
-8110,
-8108,
-8105,
-8102,
-8099,
-8097,
-8094,
-8091,
-8089,
-8086,
-8083,
-8080,
-8078,
-8075,
-8072,
-8069,
-8067,
-8064,
-8061,
-8058,
-8056,
-8053,
-8050,
-8048,
-8045,
-8042,
-8039,
-8037,
-8034,
-8031,
-8028,
-8026,
-8023,
-8020,
-8017,
-8015,
-8012,
-8009,
-8006,
-8003,
-8001,
-7998,
-7995,
-7992,
-7990,
-7987,
-7984,
-7981,
-7979,
-7976,
-7973,
-7970,
-7967,
-7965,
-7962,
-7959,
-7956,
-7954,
-7951,
-7948,
-7945,
-7942,
-7940,
-7937,
-7934,
-7931,
-7928,
-7926,
-7923,
-7920,
-7917,
-7914,
-7912,
-7909,
-7906,
-7903,
-7900,
-7898,
-7895,
-7892,
-7889,
-7886,
-7884,
-7881,
-7878,
-7875,
-7872,
-7870,
-7867,
-7864,
-7861,
-7858,
-7855,
-7853,
-7850,
-7847,
-7844,
-7841,
-7838,
-7836,
-7833,
-7830,
-7827,
-7824,
-7821,
-7819,
-7816,
-7813,
-7810,
-7807,
-7804,
-7802,
-7799,
-7796,
-7793,
-7790,
-7787,
-7784,
-7782,
-7779,
-7776,
-7773,
-7770,
-7767,
-7764,
-7762,
-7759,
-7756,
-7753,
-7750,
-7747,
-7744,
-7742,
-7739,
-7736,
-7733,
-7730,
-7727,
-7724,
-7721,
-7719,
-7716,
-7713,
-7710,
-7707,
-7704,
-7701,
-7698,
-7695,
-7693,
-7690,
-7687,
-7684,
-7681,
-7678,
-7675,
-7672,
-7669,
-7667,
-7664,
-7661,
-7658,
-7655,
-7652,
-7649,
-7646,
-7643,
-7640,
-7637,
-7635,
-7632,
-7629,
-7626,
-7623,
-7620,
-7617,
-7614,
-7611,
-7608,
-7605,
-7602,
-7600,
-7597,
-7594,
-7591,
-7588,
-7585,
-7582,
-7579,
-7576,
-7573,
-7570,
-7567,
-7564,
-7561,
-7558,
-7556,
-7553,
-7550,
-7547,
-7544,
-7541,
-7538,
-7535,
-7532,
-7529,
-7526,
-7523,
-7520,
-7517,
-7514,
-7511,
-7508,
-7505,
-7502,
-7499,
-7496,
-7493,
-7491,
-7488,
-7485,
-7482,
-7479,
-7476,
-7473,
-7470,
-7467,
-7464,
-7461,
-7458,
-7455,
-7452,
-7449,
-7446,
-7443,
-7440,
-7437,
-7434,
-7431,
-7428,
-7425,
-7422,
-7419,
-7416,
-7413,
-7410,
-7407,
-7404,
-7401,
-7398,
-7395,
-7392,
-7389,
-7386,
-7383,
-7380,
-7377,
-7374,
-7371,
-7368,
-7365,
-7362,
-7359,
-7356,
-7353,
-7350,
-7347,
-7344,
-7341,
-7338,
-7335,
-7332,
-7329,
-7326,
-7323,
-7320,
-7317,
-7314,
-7311,
-7308,
-7304,
-7301,
-7298,
-7295,
-7292,
-7289,
-7286,
-7283,
-7280,
-7277,
-7274,
-7271,
-7268,
-7265,
-7262,
-7259,
-7256,
-7253,
-7250,
-7247,
-7244,
-7241,
-7237,
-7234,
-7231,
-7228,
-7225,
-7222,
-7219,
-7216,
-7213,
-7210,
-7207,
-7204,
-7201,
-7198,
-7195,
-7191,
-7188,
-7185,
-7182,
-7179,
-7176,
-7173,
-7170,
-7167,
-7164,
-7161,
-7158,
-7155,
-7151,
-7148,
-7145,
-7142,
-7139,
-7136,
-7133,
-7130,
-7127,
-7124,
-7121,
-7117,
-7114,
-7111,
-7108,
-7105,
-7102,
-7099,
-7096,
-7093,
-7089,
-7086,
-7083,
-7080,
-7077,
-7074,
-7071,
-7068,
-7065,
-7061,
-7058,
-7055,
-7052,
-7049,
-7046,
-7043,
-7040,
-7036,
-7033,
-7030,
-7027,
-7024,
-7021,
-7018,
-7015,
-7011,
-7008,
-7005,
-7002,
-6999,
-6996,
-6993,
-6989,
-6986,
-6983,
-6980,
-6977,
-6974,
-6971,
-6967,
-6964,
-6961,
-6958,
-6955,
-6952,
-6949,
-6945,
-6942,
-6939,
-6936,
-6933,
-6930,
-6926,
-6923,
-6920,
-6917,
-6914,
-6911,
-6907,
-6904,
-6901,
-6898,
-6895,
-6892,
-6888,
-6885,
-6882,
-6879,
-6876,
-6873,
-6869,
-6866,
-6863,
-6860,
-6857,
-6853,
-6850,
-6847,
-6844,
-6841,
-6838,
-6834,
-6831,
-6828,
-6825,
-6822,
-6818,
-6815,
-6812,
-6809,
-6806,
-6802,
-6799,
-6796,
-6793,
-6790,
-6786,
-6783,
-6780,
-6777,
-6774,
-6770,
-6767,
-6764,
-6761,
-6757,
-6754,
-6751,
-6748,
-6745,
-6741,
-6738,
-6735,
-6732,
-6728,
-6725,
-6722,
-6719,
-6716,
-6712,
-6709,
-6706,
-6703,
-6699,
-6696,
-6693,
-6690,
-6686,
-6683,
-6680,
-6677,
-6674,
-6670,
-6667,
-6664,
-6661,
-6657,
-6654,
-6651,
-6648,
-6644,
-6641,
-6638,
-6635,
-6631,
-6628,
-6625,
-6622,
-6618,
-6615,
-6612,
-6609,
-6605,
-6602,
-6599,
-6595,
-6592,
-6589,
-6586,
-6582,
-6579,
-6576,
-6573,
-6569,
-6566,
-6563,
-6560,
-6556,
-6553,
-6550,
-6546,
-6543,
-6540,
-6537,
-6533,
-6530,
-6527,
-6523,
-6520,
-6517,
-6514,
-6510,
-6507,
-6504,
-6500,
-6497,
-6494,
-6491,
-6487,
-6484,
-6481,
-6477,
-6474,
-6471,
-6467,
-6464,
-6461,
-6458,
-6454,
-6451,
-6448,
-6444,
-6441,
-6438,
-6434,
-6431,
-6428,
-6424,
-6421,
-6418,
-6414,
-6411,
-6408,
-6405,
-6401,
-6398,
-6395,
-6391,
-6388,
-6385,
-6381,
-6378,
-6375,
-6371,
-6368,
-6365,
-6361,
-6358,
-6355,
-6351,
-6348,
-6345,
-6341,
-6338,
-6335,
-6331,
-6328,
-6325,
-6321,
-6318,
-6315,
-6311,
-6308,
-6305,
-6301,
-6298,
-6294,
-6291,
-6288,
-6284,
-6281,
-6278,
-6274,
-6271,
-6268,
-6264,
-6261,
-6258,
-6254,
-6251,
-6247,
-6244,
-6241,
-6237,
-6234,
-6231,
-6227,
-6224,
-6221,
-6217,
-6214,
-6210,
-6207,
-6204,
-6200,
-6197,
-6194,
-6190,
-6187,
-6183,
-6180,
-6177,
-6173,
-6170,
-6166,
-6163,
-6160,
-6156,
-6153,
-6150,
-6146,
-6143,
-6139,
-6136,
-6133,
-6129,
-6126,
-6122,
-6119,
-6116,
-6112,
-6109,
-6105,
-6102,
-6099,
-6095,
-6092,
-6088,
-6085,
-6082,
-6078,
-6075,
-6071,
-6068,
-6065,
-6061,
-6058,
-6054,
-6051,
-6047,
-6044,
-6041,
-6037,
-6034,
-6030,
-6027,
-6024,
-6020,
-6017,
-6013,
-6010,
-6006,
-6003,
-6000,
-5996,
-5993,
-5989,
-5986,
-5982,
-5979,
-5976,
-5972,
-5969,
-5965,
-5962,
-5958,
-5955,
-5951,
-5948,
-5945,
-5941,
-5938,
-5934,
-5931,
-5927,
-5924,
-5920,
-5917,
-5914,
-5910,
-5907,
-5903,
-5900,
-5896,
-5893,
-5889,
-5886,
-5882,
-5879,
-5876,
-5872,
-5869,
-5865,
-5862,
-5858,
-5855,
-5851,
-5848,
-5844,
-5841,
-5837,
-5834,
-5830,
-5827,
-5824,
-5820,
-5817,
-5813,
-5810,
-5806,
-5803,
-5799,
-5796,
-5792,
-5789,
-5785,
-5782,
-5778,
-5775,
-5771,
-5768,
-5764,
-5761,
-5757,
-5754,
-5750,
-5747,
-5743,
-5740,
-5736,
-5733,
-5729,
-5726,
-5722,
-5719,
-5715,
-5712,
-5708,
-5705,
-5701,
-5698,
-5694,
-5691,
-5687,
-5684,
-5680,
-5677,
-5673,
-5670,
-5666,
-5663,
-5659,
-5656,
-5652,
-5649,
-5645,
-5642,
-5638,
-5635,
-5631,
-5628,
-5624,
-5621,
-5617,
-5614,
-5610,
-5607,
-5603,
-5599,
-5596,
-5592,
-5589,
-5585,
-5582,
-5578,
-5575,
-5571,
-5568,
-5564,
-5561,
-5557,
-5554,
-5550,
-5546,
-5543,
-5539,
-5536,
-5532,
-5529,
-5525,
-5522,
-5518,
-5515,
-5511,
-5507,
-5504,
-5500,
-5497,
-5493,
-5490,
-5486,
-5483,
-5479,
-5476,
-5472,
-5468,
-5465,
-5461,
-5458,
-5454,
-5451,
-5447,
-5443,
-5440,
-5436,
-5433,
-5429,
-5426,
-5422,
-5419,
-5415,
-5411,
-5408,
-5404,
-5401,
-5397,
-5394,
-5390,
-5386,
-5383,
-5379,
-5376,
-5372,
-5368,
-5365,
-5361,
-5358,
-5354,
-5351,
-5347,
-5343,
-5340,
-5336,
-5333,
-5329,
-5325,
-5322,
-5318,
-5315,
-5311,
-5308,
-5304,
-5300,
-5297,
-5293,
-5290,
-5286,
-5282,
-5279,
-5275,
-5272,
-5268,
-5264,
-5261,
-5257,
-5254,
-5250,
-5246,
-5243,
-5239,
-5236,
-5232,
-5228,
-5225,
-5221,
-5217,
-5214,
-5210,
-5207,
-5203,
-5199,
-5196,
-5192,
-5189,
-5185,
-5181,
-5178,
-5174,
-5170,
-5167,
-5163,
-5160,
-5156,
-5152,
-5149,
-5145,
-5141,
-5138,
-5134,
-5131,
-5127,
-5123,
-5120,
-5116,
-5112,
-5109,
-5105,
-5101,
-5098,
-5094,
-5091,
-5087,
-5083,
-5080,
-5076,
-5072,
-5069,
-5065,
-5061,
-5058,
-5054,
-5050,
-5047,
-5043,
-5040,
-5036,
-5032,
-5029,
-5025,
-5021,
-5018,
-5014,
-5010,
-5007,
-5003,
-4999,
-4996,
-4992,
-4988,
-4985,
-4981,
-4977,
-4974,
-4970,
-4966,
-4963,
-4959,
-4955,
-4952,
-4948,
-4944,
-4941,
-4937,
-4933,
-4930,
-4926,
-4922,
-4919,
-4915,
-4911,
-4908,
-4904,
-4900,
-4897,
-4893,
-4889,
-4886,
-4882,
-4878,
-4875,
-4871,
-4867,
-4864,
-4860,
-4856,
-4852,
-4849,
-4845,
-4841,
-4838,
-4834,
-4830,
-4827,
-4823,
-4819,
-4816,
-4812,
-4808,
-4804,
-4801,
-4797,
-4793,
-4790,
-4786,
-4782,
-4779,
-4775,
-4771,
-4768,
-4764,
-4760,
-4756,
-4753,
-4749,
-4745,
-4742,
-4738,
-4734,
-4730,
-4727,
-4723,
-4719,
-4716,
-4712,
-4708,
-4704,
-4701,
-4697,
-4693,
-4690,
-4686,
-4682,
-4678,
-4675,
-4671,
-4667,
-4664,
-4660,
-4656,
-4652,
-4649,
-4645,
-4641,
-4637,
-4634,
-4630,
-4626,
-4623,
-4619,
-4615,
-4611,
-4608,
-4604,
-4600,
-4596,
-4593,
-4589,
-4585,
-4582,
-4578,
-4574,
-4570,
-4567,
-4563,
-4559,
-4555,
-4552,
-4548,
-4544,
-4540,
-4537,
-4533,
-4529,
-4525,
-4522,
-4518,
-4514,
-4510,
-4507,
-4503,
-4499,
-4495,
-4492,
-4488,
-4484,
-4480,
-4477,
-4473,
-4469,
-4465,
-4462,
-4458,
-4454,
-4450,
-4447,
-4443,
-4439,
-4435,
-4431,
-4428,
-4424,
-4420,
-4416,
-4413,
-4409,
-4405,
-4401,
-4398,
-4394,
-4390,
-4386,
-4383,
-4379,
-4375,
-4371,
-4367,
-4364,
-4360,
-4356,
-4352,
-4349,
-4345,
-4341,
-4337,
-4333,
-4330,
-4326,
-4322,
-4318,
-4315,
-4311,
-4307,
-4303,
-4299,
-4296,
-4292,
-4288,
-4284,
-4280,
-4277,
-4273,
-4269,
-4265,
-4261,
-4258,
-4254,
-4250,
-4246,
-4243,
-4239,
-4235,
-4231,
-4227,
-4224,
-4220,
-4216,
-4212,
-4208,
-4205,
-4201,
-4197,
-4193,
-4189,
-4186,
-4182,
-4178,
-4174,
-4170,
-4166,
-4163,
-4159,
-4155,
-4151,
-4147,
-4144,
-4140,
-4136,
-4132,
-4128,
-4125,
-4121,
-4117,
-4113,
-4109,
-4105,
-4102,
-4098,
-4094,
-4090,
-4086,
-4083,
-4079,
-4075,
-4071,
-4067,
-4063,
-4060,
-4056,
-4052,
-4048,
-4044,
-4040,
-4037,
-4033,
-4029,
-4025,
-4021,
-4018,
-4014,
-4010,
-4006,
-4002,
-3998,
-3995,
-3991,
-3987,
-3983,
-3979,
-3975,
-3971,
-3968,
-3964,
-3960,
-3956,
-3952,
-3948,
-3945,
-3941,
-3937,
-3933,
-3929,
-3925,
-3922,
-3918,
-3914,
-3910,
-3906,
-3902,
-3898,
-3895,
-3891,
-3887,
-3883,
-3879,
-3875,
-3871,
-3868,
-3864,
-3860,
-3856,
-3852,
-3848,
-3845,
-3841,
-3837,
-3833,
-3829,
-3825,
-3821,
-3817,
-3814,
-3810,
-3806,
-3802,
-3798,
-3794,
-3790,
-3787,
-3783,
-3779,
-3775,
-3771,
-3767,
-3763,
-3760,
-3756,
-3752,
-3748,
-3744,
-3740,
-3736,
-3732,
-3729,
-3725,
-3721,
-3717,
-3713,
-3709,
-3705,
-3701,
-3698,
-3694,
-3690,
-3686,
-3682,
-3678,
-3674,
-3670,
-3666,
-3663,
-3659,
-3655,
-3651,
-3647,
-3643,
-3639,
-3635,
-3632,
-3628,
-3624,
-3620,
-3616,
-3612,
-3608,
-3604,
-3600,
-3597,
-3593,
-3589,
-3585,
-3581,
-3577,
-3573,
-3569,
-3565,
-3561,
-3558,
-3554,
-3550,
-3546,
-3542,
-3538,
-3534,
-3530,
-3526,
-3522,
-3519,
-3515,
-3511,
-3507,
-3503,
-3499,
-3495,
-3491,
-3487,
-3483,
-3480,
-3476,
-3472,
-3468,
-3464,
-3460,
-3456,
-3452,
-3448,
-3444,
-3440,
-3436,
-3433,
-3429,
-3425,
-3421,
-3417,
-3413,
-3409,
-3405,
-3401,
-3397,
-3393,
-3389,
-3386,
-3382,
-3378,
-3374,
-3370,
-3366,
-3362,
-3358,
-3354,
-3350,
-3346,
-3342,
-3338,
-3335,
-3331,
-3327,
-3323,
-3319,
-3315,
-3311,
-3307,
-3303,
-3299,
-3295,
-3291,
-3287,
-3283,
-3280,
-3276,
-3272,
-3268,
-3264,
-3260,
-3256,
-3252,
-3248,
-3244,
-3240,
-3236,
-3232,
-3228,
-3224,
-3220,
-3217,
-3213,
-3209,
-3205,
-3201,
-3197,
-3193,
-3189,
-3185,
-3181,
-3177,
-3173,
-3169,
-3165,
-3161,
-3157,
-3153,
-3149,
-3146,
-3142,
-3138,
-3134,
-3130,
-3126,
-3122,
-3118,
-3114,
-3110,
-3106,
-3102,
-3098,
-3094,
-3090,
-3086,
-3082,
-3078,
-3074,
-3070,
-3066,
-3063,
-3059,
-3055,
-3051,
-3047,
-3043,
-3039,
-3035,
-3031,
-3027,
-3023,
-3019,
-3015,
-3011,
-3007,
-3003,
-2999,
-2995,
-2991,
-2987,
-2983,
-2979,
-2975,
-2971,
-2967,
-2963,
-2959,
-2955,
-2951,
-2948,
-2944,
-2940,
-2936,
-2932,
-2928,
-2924,
-2920,
-2916,
-2912,
-2908,
-2904,
-2900,
-2896,
-2892,
-2888,
-2884,
-2880,
-2876,
-2872,
-2868,
-2864,
-2860,
-2856,
-2852,
-2848,
-2844,
-2840,
-2836,
-2832,
-2828,
-2824,
-2820,
-2816,
-2812,
-2808,
-2804,
-2800,
-2796,
-2792,
-2788,
-2784,
-2780,
-2776,
-2772,
-2768,
-2764,
-2760,
-2756,
-2752,
-2748,
-2744,
-2740,
-2736,
-2732,
-2728,
-2724,
-2720,
-2716,
-2712,
-2708,
-2704,
-2700,
-2696,
-2692,
-2688,
-2684,
-2680,
-2676,
-2672,
-2668,
-2664,
-2660,
-2656,
-2652,
-2648,
-2644,
-2640,
-2636,
-2632,
-2628,
-2624,
-2620,
-2616,
-2612,
-2608,
-2604,
-2600,
-2596,
-2592,
-2588,
-2584,
-2580,
-2576,
-2572,
-2568,
-2564,
-2560,
-2556,
-2552,
-2548,
-2544,
-2540,
-2536,
-2532,
-2528,
-2524,
-2520,
-2516,
-2512,
-2508,
-2504,
-2500,
-2496,
-2492,
-2488,
-2484,
-2480,
-2476,
-2472,
-2468,
-2464,
-2460,
-2456,
-2452,
-2448,
-2444,
-2440,
-2436,
-2432,
-2428,
-2424,
-2420,
-2416,
-2412,
-2408,
-2404,
-2400,
-2396,
-2392,
-2387,
-2383,
-2379,
-2375,
-2371,
-2367,
-2363,
-2359,
-2355,
-2351,
-2347,
-2343,
-2339,
-2335,
-2331,
-2327,
-2323,
-2319,
-2315,
-2311,
-2307,
-2303,
-2299,
-2295,
-2291,
-2287,
-2283,
-2279,
-2275,
-2271,
-2267,
-2262,
-2258,
-2254,
-2250,
-2246,
-2242,
-2238,
-2234,
-2230,
-2226,
-2222,
-2218,
-2214,
-2210,
-2206,
-2202,
-2198,
-2194,
-2190,
-2186,
-2182,
-2178,
-2174,
-2170,
-2165,
-2161,
-2157,
-2153,
-2149,
-2145,
-2141,
-2137,
-2133,
-2129,
-2125,
-2121,
-2117,
-2113,
-2109,
-2105,
-2101,
-2097,
-2093,
-2089,
-2085,
-2080,
-2076,
-2072,
-2068,
-2064,
-2060,
-2056,
-2052,
-2048,
-2044,
-2040,
-2036,
-2032,
-2028,
-2024,
-2020,
-2016,
-2012,
-2007,
-2003,
-1999,
-1995,
-1991,
-1987,
-1983,
-1979,
-1975,
-1971,
-1967,
-1963,
-1959,
-1955,
-1951,
-1947,
-1943,
-1938,
-1934,
-1930,
-1926,
-1922,
-1918,
-1914,
-1910,
-1906,
-1902,
-1898,
-1894,
-1890,
-1886,
-1882,
-1878,
-1873,
-1869,
-1865,
-1861,
-1857,
-1853,
-1849,
-1845,
-1841,
-1837,
-1833,
-1829,
-1825,
-1821,
-1817,
-1812,
-1808,
-1804,
-1800,
-1796,
-1792,
-1788,
-1784,
-1780,
-1776,
-1772,
-1768,
-1764,
-1759,
-1755,
-1751,
-1747,
-1743,
-1739,
-1735,
-1731,
-1727,
-1723,
-1719,
-1715,
-1711,
-1707,
-1702,
-1698,
-1694,
-1690,
-1686,
-1682,
-1678,
-1674,
-1670,
-1666,
-1662,
-1658,
-1653,
-1649,
-1645,
-1641,
-1637,
-1633,
-1629,
-1625,
-1621,
-1617,
-1613,
-1609,
-1604,
-1600,
-1596,
-1592,
-1588,
-1584,
-1580,
-1576,
-1572,
-1568,
-1564,
-1560,
-1555,
-1551,
-1547,
-1543,
-1539,
-1535,
-1531,
-1527,
-1523,
-1519,
-1515,
-1511,
-1506,
-1502,
-1498,
-1494,
-1490,
-1486,
-1482,
-1478,
-1474,
-1470,
-1466,
-1461,
-1457,
-1453,
-1449,
-1445,
-1441,
-1437,
-1433,
-1429,
-1425,
-1421,
-1416,
-1412,
-1408,
-1404,
-1400,
-1396,
-1392,
-1388,
-1384,
-1380,
-1375,
-1371,
-1367,
-1363,
-1359,
-1355,
-1351,
-1347,
-1343,
-1339,
-1335,
-1330,
-1326,
-1322,
-1318,
-1314,
-1310,
-1306,
-1302,
-1298,
-1294,
-1289,
-1285,
-1281,
-1277,
-1273,
-1269,
-1265,
-1261,
-1257,
-1253,
-1248,
-1244,
-1240,
-1236,
-1232,
-1228,
-1224,
-1220,
-1216,
-1211,
-1207,
-1203,
-1199,
-1195,
-1191,
-1187,
-1183,
-1179,
-1175,
-1170,
-1166,
-1162,
-1158,
-1154,
-1150,
-1146,
-1142,
-1138,
-1134,
-1129,
-1125,
-1121,
-1117,
-1113,
-1109,
-1105,
-1101,
-1097,
-1092,
-1088,
-1084,
-1080,
-1076,
-1072,
-1068,
-1064,
-1060,
-1055,
-1051,
-1047,
-1043,
-1039,
-1035,
-1031,
-1027,
-1023,
-1018,
-1014,
-1010,
-1006,
-1002,
-998,
-994,
-990,
-986,
-981,
-977,
-973,
-969,
-965,
-961,
-957,
-953,
-949,
-944,
-940,
-936,
-932,
-928,
-924,
-920,
-916,
-912,
-907,
-903,
-899,
-895,
-891,
-887,
-883,
-879,
-874,
-870,
-866,
-862,
-858,
-854,
-850,
-846,
-842,
-837,
-833,
-829,
-825,
-821,
-817,
-813,
-809,
-804,
-800,
-796,
-792,
-788,
-784,
-780,
-776,
-772,
-767,
-763,
-759,
-755,
-751,
-747,
-743,
-739,
-734,
-730,
-726,
-722,
-718,
-714,
-710,
-706,
-702,
-697,
-693,
-689,
-685,
-681,
-677,
-673,
-669,
-664,
-660,
-656,
-652,
-648,
-644,
-640,
-636,
-631,
-627,
-623,
-619,
-615,
-611,
-607,
-603,
-598,
-594,
-590,
-586,
-582,
-578,
-574,
-570,
-565,
-561,
-557,
-553,
-549,
-545,
-541,
-537,
-532,
-528,
-524,
-520,
-516,
-512,
-508,
-504,
-499,
-495,
-491,
-487,
-483,
-479,
-475,
-471,
-466,
-462,
-458,
-454,
-450,
-446,
-442,
-438,
-433,
-429,
-425,
-421,
-417,
-413,
-409,
-405,
-400,
-396,
-392,
-388,
-384,
-380,
-376,
-372,
-367,
-363,
-359,
-355,
-351,
-347,
-343,
-339,
-334,
-330,
-326,
-322,
-318,
-314,
-310,
-306,
-301,
-297,
-293,
-289,
-285,
-281,
-277,
-273,
-268,
-264,
-260,
-256,
-252,
-248,
-244,
-239,
-235,
-231,
-227,
-223,
-219,
-215,
-211,
-206,
-202,
-198,
-194,
-190,
-186,
-182,
-178,
-173,
-169,
-165,
-161,
-157,
-153,
-149,
-145,
-140,
-136,
-132,
-128,
-124,
-120,
-116,
-111,
-107,
-103,
-99,
-95,
-91,
-87,
-83,
-78,
-74,
-70,
-66,
-62,
-58,
-54,
-50,
-45,
-41,
-37,
-33,
-29,
-25,
-21,
-17,
-12,
-8,
-4;