MEMORY_INITIALIZATION_RADIX=10;
MEMORY_INITIALIZATION_VECTOR=
-10768,
-10765,
-10763,
-10760,
-10757,
-10755,
-10752,
-10750,
-10747,
-10744,
-10742,
-10739,
-10736,
-10734,
-10731,
-10729,
-10726,
-10723,
-10721,
-10718,
-10715,
-10713,
-10710,
-10708,
-10705,
-10702,
-10700,
-10697,
-10694,
-10692,
-10689,
-10687,
-10684,
-10681,
-10679,
-10676,
-10673,
-10671,
-10668,
-10665,
-10663,
-10660,
-10658,
-10655,
-10652,
-10650,
-10647,
-10644,
-10642,
-10639,
-10637,
-10634,
-10631,
-10629,
-10626,
-10623,
-10621,
-10618,
-10616,
-10613,
-10610,
-10608,
-10605,
-10602,
-10600,
-10597,
-10594,
-10592,
-10589,
-10587,
-10584,
-10581,
-10579,
-10576,
-10573,
-10571,
-10568,
-10566,
-10563,
-10560,
-10558,
-10555,
-10552,
-10550,
-10547,
-10545,
-10542,
-10539,
-10537,
-10534,
-10531,
-10529,
-10526,
-10524,
-10521,
-10518,
-10516,
-10513,
-10510,
-10508,
-10505,
-10502,
-10500,
-10497,
-10495,
-10492,
-10489,
-10487,
-10484,
-10481,
-10479,
-10476,
-10474,
-10471,
-10468,
-10466,
-10463,
-10460,
-10458,
-10455,
-10453,
-10450,
-10447,
-10445,
-10442,
-10439,
-10437,
-10434,
-10432,
-10429,
-10426,
-10424,
-10421,
-10418,
-10416,
-10413,
-10410,
-10408,
-10405,
-10403,
-10400,
-10397,
-10395,
-10392,
-10389,
-10387,
-10384,
-10382,
-10379,
-10376,
-10374,
-10371,
-10368,
-10366,
-10363,
-10361,
-10358,
-10355,
-10353,
-10350,
-10347,
-10345,
-10342,
-10339,
-10337,
-10334,
-10332,
-10329,
-10326,
-10324,
-10321,
-10318,
-10316,
-10313,
-10311,
-10308,
-10305,
-10303,
-10300,
-10297,
-10295,
-10292,
-10290,
-10287,
-10284,
-10282,
-10279,
-10276,
-10274,
-10271,
-10269,
-10266,
-10263,
-10261,
-10258,
-10255,
-10253,
-10250,
-10247,
-10245,
-10242,
-10240,
-10237,
-10234,
-10232,
-10229,
-10226,
-10224,
-10221,
-10219,
-10216,
-10213,
-10211,
-10208,
-10205,
-10203,
-10200,
-10198,
-10195,
-10192,
-10190,
-10187,
-10184,
-10182,
-10179,
-10176,
-10174,
-10171,
-10169,
-10166,
-10163,
-10161,
-10158,
-10155,
-10153,
-10150,
-10148,
-10145,
-10142,
-10140,
-10137,
-10134,
-10132,
-10129,
-10127,
-10124,
-10121,
-10119,
-10116,
-10113,
-10111,
-10108,
-10106,
-10103,
-10100,
-10098,
-10095,
-10092,
-10090,
-10087,
-10084,
-10082,
-10079,
-10077,
-10074,
-10071,
-10069,
-10066,
-10063,
-10061,
-10058,
-10056,
-10053,
-10050,
-10048,
-10045,
-10042,
-10040,
-10037,
-10035,
-10032,
-10029,
-10027,
-10024,
-10021,
-10019,
-10016,
-10014,
-10011,
-10008,
-10006,
-10003,
-10000,
-9998,
-9995,
-9992,
-9990,
-9987,
-9985,
-9982,
-9979,
-9977,
-9974,
-9971,
-9969,
-9966,
-9964,
-9961,
-9958,
-9956,
-9953,
-9950,
-9948,
-9945,
-9943,
-9940,
-9937,
-9935,
-9932,
-9929,
-9927,
-9924,
-9921,
-9919,
-9916,
-9914,
-9911,
-9908,
-9906,
-9903,
-9900,
-9898,
-9895,
-9893,
-9890,
-9887,
-9885,
-9882,
-9879,
-9877,
-9874,
-9872,
-9869,
-9866,
-9864,
-9861,
-9858,
-9856,
-9853,
-9851,
-9848,
-9845,
-9843,
-9840,
-9837,
-9835,
-9832,
-9829,
-9827,
-9824,
-9822,
-9819,
-9816,
-9814,
-9811,
-9808,
-9806,
-9803,
-9801,
-9798,
-9795,
-9793,
-9790,
-9787,
-9785,
-9782,
-9780,
-9777,
-9774,
-9772,
-9769,
-9766,
-9764,
-9761,
-9759,
-9756,
-9753,
-9751,
-9748,
-9745,
-9743,
-9740,
-9737,
-9735,
-9732,
-9730,
-9727,
-9724,
-9722,
-9719,
-9716,
-9714,
-9711,
-9709,
-9706,
-9703,
-9701,
-9698,
-9695,
-9693,
-9690,
-9688,
-9685,
-9682,
-9680,
-9677,
-9674,
-9672,
-9669,
-9666,
-9664,
-9661,
-9659,
-9656,
-9653,
-9651,
-9648,
-9645,
-9643,
-9640,
-9638,
-9635,
-9632,
-9630,
-9627,
-9624,
-9622,
-9619,
-9617,
-9614,
-9611,
-9609,
-9606,
-9603,
-9601,
-9598,
-9596,
-9593,
-9590,
-9588,
-9585,
-9582,
-9580,
-9577,
-9574,
-9572,
-9569,
-9567,
-9564,
-9561,
-9559,
-9556,
-9553,
-9551,
-9548,
-9546,
-9543,
-9540,
-9538,
-9535,
-9532,
-9530,
-9527,
-9525,
-9522,
-9519,
-9517,
-9514,
-9511,
-9509,
-9506,
-9503,
-9501,
-9498,
-9496,
-9493,
-9490,
-9488,
-9485,
-9482,
-9480,
-9477,
-9475,
-9472,
-9469,
-9467,
-9464,
-9461,
-9459,
-9456,
-9454,
-9451,
-9448,
-9446,
-9443,
-9440,
-9438,
-9435,
-9433,
-9430,
-9427,
-9425,
-9422,
-9419,
-9417,
-9414,
-9411,
-9409,
-9406,
-9404,
-9401,
-9398,
-9396,
-9393,
-9390,
-9388,
-9385,
-9383,
-9380,
-9377,
-9375,
-9372,
-9369,
-9367,
-9364,
-9362,
-9359,
-9356,
-9354,
-9351,
-9348,
-9346,
-9343,
-9341,
-9338,
-9335,
-9333,
-9330,
-9327,
-9325,
-9322,
-9319,
-9317,
-9314,
-9312,
-9309,
-9306,
-9304,
-9301,
-9298,
-9296,
-9293,
-9291,
-9288,
-9285,
-9283,
-9280,
-9277,
-9275,
-9272,
-9270,
-9267,
-9264,
-9262,
-9259,
-9256,
-9254,
-9251,
-9248,
-9246,
-9243,
-9241,
-9238,
-9235,
-9233,
-9230,
-9227,
-9225,
-9222,
-9220,
-9217,
-9214,
-9212,
-9209,
-9206,
-9204,
-9201,
-9199,
-9196,
-9193,
-9191,
-9188,
-9185,
-9183,
-9180,
-9178,
-9175,
-9172,
-9170,
-9167,
-9164,
-9162,
-9159,
-9156,
-9154,
-9151,
-9149,
-9146,
-9143,
-9141,
-9138,
-9135,
-9133,
-9130,
-9128,
-9125,
-9122,
-9120,
-9117,
-9114,
-9112,
-9109,
-9107,
-9104,
-9101,
-9099,
-9096,
-9093,
-9091,
-9088,
-9086,
-9083,
-9080,
-9078,
-9075,
-9072,
-9070,
-9067,
-9064,
-9062,
-9059,
-9057,
-9054,
-9051,
-9049,
-9046,
-9043,
-9041,
-9038,
-9036,
-9033,
-9030,
-9028,
-9025,
-9022,
-9020,
-9017,
-9015,
-9012,
-9009,
-9007,
-9004,
-9001,
-8999,
-8996,
-8993,
-8991,
-8988,
-8986,
-8983,
-8980,
-8978,
-8975,
-8972,
-8970,
-8967,
-8965,
-8962,
-8959,
-8957,
-8954,
-8951,
-8949,
-8946,
-8944,
-8941,
-8938,
-8936,
-8933,
-8930,
-8928,
-8925,
-8923,
-8920,
-8917,
-8915,
-8912,
-8909,
-8907,
-8904,
-8901,
-8899,
-8896,
-8894,
-8891,
-8888,
-8886,
-8883,
-8880,
-8878,
-8875,
-8873,
-8870,
-8867,
-8865,
-8862,
-8859,
-8857,
-8854,
-8852,
-8849,
-8846,
-8844,
-8841,
-8838,
-8836,
-8833,
-8830,
-8828,
-8825,
-8823,
-8820,
-8817,
-8815,
-8812,
-8809,
-8807,
-8804,
-8802,
-8799,
-8796,
-8794,
-8791,
-8788,
-8786,
-8783,
-8781,
-8778,
-8775,
-8773,
-8770,
-8767,
-8765,
-8762,
-8760,
-8757,
-8754,
-8752,
-8749,
-8746,
-8744,
-8741,
-8738,
-8736,
-8733,
-8731,
-8728,
-8725,
-8723,
-8720,
-8717,
-8715,
-8712,
-8710,
-8707,
-8704,
-8702,
-8699,
-8696,
-8694,
-8691,
-8689,
-8686,
-8683,
-8681,
-8678,
-8675,
-8673,
-8670,
-8668,
-8665,
-8662,
-8660,
-8657,
-8654,
-8652,
-8649,
-8646,
-8644,
-8641,
-8639,
-8636,
-8633,
-8631,
-8628,
-8625,
-8623,
-8620,
-8618,
-8615,
-8612,
-8610,
-8607,
-8604,
-8602,
-8599,
-8597,
-8594,
-8591,
-8589,
-8586,
-8583,
-8581,
-8578,
-8575,
-8573,
-8570,
-8568,
-8565,
-8562,
-8560,
-8557,
-8554,
-8552,
-8549,
-8547,
-8544,
-8541,
-8539,
-8536,
-8533,
-8531,
-8528,
-8526,
-8523,
-8520,
-8518,
-8515,
-8512,
-8510,
-8507,
-8505,
-8502,
-8499,
-8497,
-8494,
-8491,
-8489,
-8486,
-8483,
-8481,
-8478,
-8476,
-8473,
-8470,
-8468,
-8465,
-8462,
-8460,
-8457,
-8455,
-8452,
-8449,
-8447,
-8444,
-8441,
-8439,
-8436,
-8434,
-8431,
-8428,
-8426,
-8423,
-8420,
-8418,
-8415,
-8413,
-8410,
-8407,
-8405,
-8402,
-8399,
-8397,
-8394,
-8391,
-8389,
-8386,
-8384,
-8381,
-8378,
-8376,
-8373,
-8370,
-8368,
-8365,
-8363,
-8360,
-8357,
-8355,
-8352,
-8349,
-8347,
-8344,
-8342,
-8339,
-8336,
-8334,
-8331,
-8328,
-8326,
-8323,
-8320,
-8318,
-8315,
-8313,
-8310,
-8307,
-8305,
-8302,
-8299,
-8297,
-8294,
-8292,
-8289,
-8286,
-8284,
-8281,
-8278,
-8276,
-8273,
-8271,
-8268,
-8265,
-8263,
-8260,
-8257,
-8255,
-8252,
-8250,
-8247,
-8244,
-8242,
-8239,
-8236,
-8234,
-8231,
-8228,
-8226,
-8223,
-8221,
-8218,
-8215,
-8213,
-8210,
-8207,
-8205,
-8202,
-8200,
-8197,
-8194,
-8192,
-8189,
-8186,
-8184,
-8181,
-8179,
-8176,
-8173,
-8171,
-8168,
-8165,
-8163,
-8160,
-8157,
-8155,
-8152,
-8150,
-8147,
-8144,
-8142,
-8139,
-8136,
-8134,
-8131,
-8129,
-8126,
-8123,
-8121,
-8118,
-8115,
-8113,
-8110,
-8108,
-8105,
-8102,
-8100,
-8097,
-8094,
-8092,
-8089,
-8087,
-8084,
-8081,
-8079,
-8076,
-8073,
-8071,
-8068,
-8065,
-8063,
-8060,
-8058,
-8055,
-8052,
-8050,
-8047,
-8044,
-8042,
-8039,
-8037,
-8034,
-8031,
-8029,
-8026,
-8023,
-8021,
-8018,
-8016,
-8013,
-8010,
-8008,
-8005,
-8002,
-8000,
-7997,
-7995,
-7992,
-7989,
-7987,
-7984,
-7981,
-7979,
-7976,
-7973,
-7971,
-7968,
-7966,
-7963,
-7960,
-7958,
-7955,
-7952,
-7950,
-7947,
-7945,
-7942,
-7939,
-7937,
-7934,
-7931,
-7929,
-7926,
-7924,
-7921,
-7918,
-7916,
-7913,
-7910,
-7908,
-7905,
-7902,
-7900,
-7897,
-7895,
-7892,
-7889,
-7887,
-7884,
-7881,
-7879,
-7876,
-7874,
-7871,
-7868,
-7866,
-7863,
-7860,
-7858,
-7855,
-7853,
-7850,
-7847,
-7845,
-7842,
-7839,
-7837,
-7834,
-7832,
-7829,
-7826,
-7824,
-7821,
-7818,
-7816,
-7813,
-7810,
-7808,
-7805,
-7803,
-7800,
-7797,
-7795,
-7792,
-7789,
-7787,
-7784,
-7782,
-7779,
-7776,
-7774,
-7771,
-7768,
-7766,
-7763,
-7761,
-7758,
-7755,
-7753,
-7750,
-7747,
-7745,
-7742,
-7740,
-7737,
-7734,
-7732,
-7729,
-7726,
-7724,
-7721,
-7718,
-7716,
-7713,
-7711,
-7708,
-7705,
-7703,
-7700,
-7697,
-7695,
-7692,
-7690,
-7687,
-7684,
-7682,
-7679,
-7676,
-7674,
-7671,
-7669,
-7666,
-7663,
-7661,
-7658,
-7655,
-7653,
-7650,
-7647,
-7645,
-7642,
-7640,
-7637,
-7634,
-7632,
-7629,
-7626,
-7624,
-7621,
-7619,
-7616,
-7613,
-7611,
-7608,
-7605,
-7603,
-7600,
-7598,
-7595,
-7592,
-7590,
-7587,
-7584,
-7582,
-7579,
-7577,
-7574,
-7571,
-7569,
-7566,
-7563,
-7561,
-7558,
-7555,
-7553,
-7550,
-7548,
-7545,
-7542,
-7540,
-7537,
-7534,
-7532,
-7529,
-7527,
-7524,
-7521,
-7519,
-7516,
-7513,
-7511,
-7508,
-7506,
-7503,
-7500,
-7498,
-7495,
-7492,
-7490,
-7487,
-7484,
-7482,
-7479,
-7477,
-7474,
-7471,
-7469,
-7466,
-7463,
-7461,
-7458,
-7456,
-7453,
-7450,
-7448,
-7445,
-7442,
-7440,
-7437,
-7435,
-7432,
-7429,
-7427,
-7424,
-7421,
-7419,
-7416,
-7414,
-7411,
-7408,
-7406,
-7403,
-7400,
-7398,
-7395,
-7392,
-7390,
-7387,
-7385,
-7382,
-7379,
-7377,
-7374,
-7371,
-7369,
-7366,
-7364,
-7361,
-7358,
-7356,
-7353,
-7350,
-7348,
-7345,
-7343,
-7340,
-7337,
-7335,
-7332,
-7329,
-7327,
-7324,
-7322,
-7319,
-7316,
-7314,
-7311,
-7308,
-7306,
-7303,
-7300,
-7298,
-7295,
-7293,
-7290,
-7287,
-7285,
-7282,
-7279,
-7277,
-7274,
-7272,
-7269,
-7266,
-7264,
-7261,
-7258,
-7256,
-7253,
-7251,
-7248,
-7245,
-7243,
-7240,
-7237,
-7235,
-7232,
-7229,
-7227,
-7224,
-7222,
-7219,
-7216,
-7214,
-7211,
-7208,
-7206,
-7203,
-7201,
-7198,
-7195,
-7193,
-7190,
-7187,
-7185,
-7182,
-7180,
-7177,
-7174,
-7172,
-7169,
-7166,
-7164,
-7161,
-7159,
-7156,
-7153,
-7151,
-7148,
-7145,
-7143,
-7140,
-7137,
-7135,
-7132,
-7130,
-7127,
-7124,
-7122,
-7119,
-7116,
-7114,
-7111,
-7109,
-7106,
-7103,
-7101,
-7098,
-7095,
-7093,
-7090,
-7088,
-7085,
-7082,
-7080,
-7077,
-7074,
-7072,
-7069,
-7067,
-7064,
-7061,
-7059,
-7056,
-7053,
-7051,
-7048,
-7045,
-7043,
-7040,
-7038,
-7035,
-7032,
-7030,
-7027,
-7024,
-7022,
-7019,
-7017,
-7014,
-7011,
-7009,
-7006,
-7003,
-7001,
-6998,
-6996,
-6993,
-6990,
-6988,
-6985,
-6982,
-6980,
-6977,
-6974,
-6972,
-6969,
-6967,
-6964,
-6961,
-6959,
-6956,
-6953,
-6951,
-6948,
-6946,
-6943,
-6940,
-6938,
-6935,
-6932,
-6930,
-6927,
-6925,
-6922,
-6919,
-6917,
-6914,
-6911,
-6909,
-6906,
-6904,
-6901,
-6898,
-6896,
-6893,
-6890,
-6888,
-6885,
-6882,
-6880,
-6877,
-6875,
-6872,
-6869,
-6867,
-6864,
-6861,
-6859,
-6856,
-6854,
-6851,
-6848,
-6846,
-6843,
-6840,
-6838,
-6835,
-6833,
-6830,
-6827,
-6825,
-6822,
-6819,
-6817,
-6814,
-6811,
-6809,
-6806,
-6804,
-6801,
-6798,
-6796,
-6793,
-6790,
-6788,
-6785,
-6783,
-6780,
-6777,
-6775,
-6772,
-6769,
-6767,
-6764,
-6762,
-6759,
-6756,
-6754,
-6751,
-6748,
-6746,
-6743,
-6741,
-6738,
-6735,
-6733,
-6730,
-6727,
-6725,
-6722,
-6719,
-6717,
-6714,
-6712,
-6709,
-6706,
-6704,
-6701,
-6698,
-6696,
-6693,
-6691,
-6688,
-6685,
-6683,
-6680,
-6677,
-6675,
-6672,
-6670,
-6667,
-6664,
-6662,
-6659,
-6656,
-6654,
-6651,
-6649,
-6646,
-6643,
-6641,
-6638,
-6635,
-6633,
-6630,
-6627,
-6625,
-6622,
-6620,
-6617,
-6614,
-6612,
-6609,
-6606,
-6604,
-6601,
-6599,
-6596,
-6593,
-6591,
-6588,
-6585,
-6583,
-6580,
-6578,
-6575,
-6572,
-6570,
-6567,
-6564,
-6562,
-6559,
-6556,
-6554,
-6551,
-6549,
-6546,
-6543,
-6541,
-6538,
-6535,
-6533,
-6530,
-6528,
-6525,
-6522,
-6520,
-6517,
-6514,
-6512,
-6509,
-6507,
-6504,
-6501,
-6499,
-6496,
-6493,
-6491,
-6488,
-6486,
-6483,
-6480,
-6478,
-6475,
-6472,
-6470,
-6467,
-6464,
-6462,
-6459,
-6457,
-6454,
-6451,
-6449,
-6446,
-6443,
-6441,
-6438,
-6436,
-6433,
-6430,
-6428,
-6425,
-6422,
-6420,
-6417,
-6415,
-6412,
-6409,
-6407,
-6404,
-6401,
-6399,
-6396,
-6394,
-6391,
-6388,
-6386,
-6383,
-6380,
-6378,
-6375,
-6372,
-6370,
-6367,
-6365,
-6362,
-6359,
-6357,
-6354,
-6351,
-6349,
-6346,
-6344,
-6341,
-6338,
-6336,
-6333,
-6330,
-6328,
-6325,
-6323,
-6320,
-6317,
-6315,
-6312,
-6309,
-6307,
-6304,
-6301,
-6299,
-6296,
-6294,
-6291,
-6288,
-6286,
-6283,
-6280,
-6278,
-6275,
-6273,
-6270,
-6267,
-6265,
-6262,
-6259,
-6257,
-6254,
-6252,
-6249,
-6246,
-6244,
-6241,
-6238,
-6236,
-6233,
-6231,
-6228,
-6225,
-6223,
-6220,
-6217,
-6215,
-6212,
-6209,
-6207,
-6204,
-6202,
-6199,
-6196,
-6194,
-6191,
-6188,
-6186,
-6183,
-6181,
-6178,
-6175,
-6173,
-6170,
-6167,
-6165,
-6162,
-6160,
-6157,
-6154,
-6152,
-6149,
-6146,
-6144,
-6141,
-6138,
-6136,
-6133,
-6131,
-6128,
-6125,
-6123,
-6120,
-6117,
-6115,
-6112,
-6110,
-6107,
-6104,
-6102,
-6099,
-6096,
-6094,
-6091,
-6089,
-6086,
-6083,
-6081,
-6078,
-6075,
-6073,
-6070,
-6068,
-6065,
-6062,
-6060,
-6057,
-6054,
-6052,
-6049,
-6046,
-6044,
-6041,
-6039,
-6036,
-6033,
-6031,
-6028,
-6025,
-6023,
-6020,
-6018,
-6015,
-6012,
-6010,
-6007,
-6004,
-6002,
-5999,
-5997,
-5994,
-5991,
-5989,
-5986,
-5983,
-5981,
-5978,
-5976,
-5973,
-5970,
-5968,
-5965,
-5962,
-5960,
-5957,
-5954,
-5952,
-5949,
-5947,
-5944,
-5941,
-5939,
-5936,
-5933,
-5931,
-5928,
-5926,
-5923,
-5920,
-5918,
-5915,
-5912,
-5910,
-5907,
-5905,
-5902,
-5899,
-5897,
-5894,
-5891,
-5889,
-5886,
-5883,
-5881,
-5878,
-5876,
-5873,
-5870,
-5868,
-5865,
-5862,
-5860,
-5857,
-5855,
-5852,
-5849,
-5847,
-5844,
-5841,
-5839,
-5836,
-5834,
-5831,
-5828,
-5826,
-5823,
-5820,
-5818,
-5815,
-5813,
-5810,
-5807,
-5805,
-5802,
-5799,
-5797,
-5794,
-5791,
-5789,
-5786,
-5784,
-5781,
-5778,
-5776,
-5773,
-5770,
-5768,
-5765,
-5763,
-5760,
-5757,
-5755,
-5752,
-5749,
-5747,
-5744,
-5742,
-5739,
-5736,
-5734,
-5731,
-5728,
-5726,
-5723,
-5721,
-5718,
-5715,
-5713,
-5710,
-5707,
-5705,
-5702,
-5699,
-5697,
-5694,
-5692,
-5689,
-5686,
-5684,
-5681,
-5678,
-5676,
-5673,
-5671,
-5668,
-5665,
-5663,
-5660,
-5657,
-5655,
-5652,
-5650,
-5647,
-5644,
-5642,
-5639,
-5636,
-5634,
-5631,
-5628,
-5626,
-5623,
-5621,
-5618,
-5615,
-5613,
-5610,
-5607,
-5605,
-5602,
-5600,
-5597,
-5594,
-5592,
-5589,
-5586,
-5584,
-5581,
-5579,
-5576,
-5573,
-5571,
-5568,
-5565,
-5563,
-5560,
-5558,
-5555,
-5552,
-5550,
-5547,
-5544,
-5542,
-5539,
-5536,
-5534,
-5531,
-5529,
-5526,
-5523,
-5521,
-5518,
-5515,
-5513,
-5510,
-5508,
-5505,
-5502,
-5500,
-5497,
-5494,
-5492,
-5489,
-5487,
-5484,
-5481,
-5479,
-5476,
-5473,
-5471,
-5468,
-5465,
-5463,
-5460,
-5458,
-5455,
-5452,
-5450,
-5447,
-5444,
-5442,
-5439,
-5437,
-5434,
-5431,
-5429,
-5426,
-5423,
-5421,
-5418,
-5416,
-5413,
-5410,
-5408,
-5405,
-5402,
-5400,
-5397,
-5395,
-5392,
-5389,
-5387,
-5384,
-5381,
-5379,
-5376,
-5373,
-5371,
-5368,
-5366,
-5363,
-5360,
-5358,
-5355,
-5352,
-5350,
-5347,
-5345,
-5342,
-5339,
-5337,
-5334,
-5331,
-5329,
-5326,
-5324,
-5321,
-5318,
-5316,
-5313,
-5310,
-5308,
-5305,
-5303,
-5300,
-5297,
-5295,
-5292,
-5289,
-5287,
-5284,
-5281,
-5279,
-5276,
-5274,
-5271,
-5268,
-5266,
-5263,
-5260,
-5258,
-5255,
-5253,
-5250,
-5247,
-5245,
-5242,
-5239,
-5237,
-5234,
-5232,
-5229,
-5226,
-5224,
-5221,
-5218,
-5216,
-5213,
-5210,
-5208,
-5205,
-5203,
-5200,
-5197,
-5195,
-5192,
-5189,
-5187,
-5184,
-5182,
-5179,
-5176,
-5174,
-5171,
-5168,
-5166,
-5163,
-5161,
-5158,
-5155,
-5153,
-5150,
-5147,
-5145,
-5142,
-5140,
-5137,
-5134,
-5132,
-5129,
-5126,
-5124,
-5121,
-5118,
-5116,
-5113,
-5111,
-5108,
-5105,
-5103,
-5100,
-5097,
-5095,
-5092,
-5090,
-5087,
-5084,
-5082,
-5079,
-5076,
-5074,
-5071,
-5069,
-5066,
-5063,
-5061,
-5058,
-5055,
-5053,
-5050,
-5048,
-5045,
-5042,
-5040,
-5037,
-5034,
-5032,
-5029,
-5026,
-5024,
-5021,
-5019,
-5016,
-5013,
-5011,
-5008,
-5005,
-5003,
-5000,
-4998,
-4995,
-4992,
-4990,
-4987,
-4984,
-4982,
-4979,
-4977,
-4974,
-4971,
-4969,
-4966,
-4963,
-4961,
-4958,
-4955,
-4953,
-4950,
-4948,
-4945,
-4942,
-4940,
-4937,
-4934,
-4932,
-4929,
-4927,
-4924,
-4921,
-4919,
-4916,
-4913,
-4911,
-4908,
-4906,
-4903,
-4900,
-4898,
-4895,
-4892,
-4890,
-4887,
-4885,
-4882,
-4879,
-4877,
-4874,
-4871,
-4869,
-4866,
-4863,
-4861,
-4858,
-4856,
-4853,
-4850,
-4848,
-4845,
-4842,
-4840,
-4837,
-4835,
-4832,
-4829,
-4827,
-4824,
-4821,
-4819,
-4816,
-4814,
-4811,
-4808,
-4806,
-4803,
-4800,
-4798,
-4795,
-4792,
-4790,
-4787,
-4785,
-4782,
-4779,
-4777,
-4774,
-4771,
-4769,
-4766,
-4764,
-4761,
-4758,
-4756,
-4753,
-4750,
-4748,
-4745,
-4743,
-4740,
-4737,
-4735,
-4732,
-4729,
-4727,
-4724,
-4722,
-4719,
-4716,
-4714,
-4711,
-4708,
-4706,
-4703,
-4700,
-4698,
-4695,
-4693,
-4690,
-4687,
-4685,
-4682,
-4679,
-4677,
-4674,
-4672,
-4669,
-4666,
-4664,
-4661,
-4658,
-4656,
-4653,
-4651,
-4648,
-4645,
-4643,
-4640,
-4637,
-4635,
-4632,
-4630,
-4627,
-4624,
-4622,
-4619,
-4616,
-4614,
-4611,
-4608,
-4606,
-4603,
-4601,
-4598,
-4595,
-4593,
-4590,
-4587,
-4585,
-4582,
-4580,
-4577,
-4574,
-4572,
-4569,
-4566,
-4564,
-4561,
-4559,
-4556,
-4553,
-4551,
-4548,
-4545,
-4543,
-4540,
-4537,
-4535,
-4532,
-4530,
-4527,
-4524,
-4522,
-4519,
-4516,
-4514,
-4511,
-4509,
-4506,
-4503,
-4501,
-4498,
-4495,
-4493,
-4490,
-4488,
-4485,
-4482,
-4480,
-4477,
-4474,
-4472,
-4469,
-4467,
-4464,
-4461,
-4459,
-4456,
-4453,
-4451,
-4448,
-4445,
-4443,
-4440,
-4438,
-4435,
-4432,
-4430,
-4427,
-4424,
-4422,
-4419,
-4417,
-4414,
-4411,
-4409,
-4406,
-4403,
-4401,
-4398,
-4396,
-4393,
-4390,
-4388,
-4385,
-4382,
-4380,
-4377,
-4375,
-4372,
-4369,
-4367,
-4364,
-4361,
-4359,
-4356,
-4353,
-4351,
-4348,
-4346,
-4343,
-4340,
-4338,
-4335,
-4332,
-4330,
-4327,
-4325,
-4322,
-4319,
-4317,
-4314,
-4311,
-4309,
-4306,
-4304,
-4301,
-4298,
-4296,
-4293,
-4290,
-4288,
-4285,
-4282,
-4280,
-4277,
-4275,
-4272,
-4269,
-4267,
-4264,
-4261,
-4259,
-4256,
-4254,
-4251,
-4248,
-4246,
-4243,
-4240,
-4238,
-4235,
-4233,
-4230,
-4227,
-4225,
-4222,
-4219,
-4217,
-4214,
-4212,
-4209,
-4206,
-4204,
-4201,
-4198,
-4196,
-4193,
-4190,
-4188,
-4185,
-4183,
-4180,
-4177,
-4175,
-4172,
-4169,
-4167,
-4164,
-4162,
-4159,
-4156,
-4154,
-4151,
-4148,
-4146,
-4143,
-4141,
-4138,
-4135,
-4133,
-4130,
-4127,
-4125,
-4122,
-4119,
-4117,
-4114,
-4112,
-4109,
-4106,
-4104,
-4101,
-4098,
-4096,
-4093,
-4091,
-4088,
-4085,
-4083,
-4080,
-4077,
-4075,
-4072,
-4070,
-4067,
-4064,
-4062,
-4059,
-4056,
-4054,
-4051,
-4049,
-4046,
-4043,
-4041,
-4038,
-4035,
-4033,
-4030,
-4027,
-4025,
-4022,
-4020,
-4017,
-4014,
-4012,
-4009,
-4006,
-4004,
-4001,
-3999,
-3996,
-3993,
-3991,
-3988,
-3985,
-3983,
-3980,
-3978,
-3975,
-3972,
-3970,
-3967,
-3964,
-3962,
-3959,
-3957,
-3954,
-3951,
-3949,
-3946,
-3943,
-3941,
-3938,
-3935,
-3933,
-3930,
-3928,
-3925,
-3922,
-3920,
-3917,
-3914,
-3912,
-3909,
-3907,
-3904,
-3901,
-3899,
-3896,
-3893,
-3891,
-3888,
-3886,
-3883,
-3880,
-3878,
-3875,
-3872,
-3870,
-3867,
-3864,
-3862,
-3859,
-3857,
-3854,
-3851,
-3849,
-3846,
-3843,
-3841,
-3838,
-3836,
-3833,
-3830,
-3828,
-3825,
-3822,
-3820,
-3817,
-3815,
-3812,
-3809,
-3807,
-3804,
-3801,
-3799,
-3796,
-3794,
-3791,
-3788,
-3786,
-3783,
-3780,
-3778,
-3775,
-3772,
-3770,
-3767,
-3765,
-3762,
-3759,
-3757,
-3754,
-3751,
-3749,
-3746,
-3744,
-3741,
-3738,
-3736,
-3733,
-3730,
-3728,
-3725,
-3723,
-3720,
-3717,
-3715,
-3712,
-3709,
-3707,
-3704,
-3702,
-3699,
-3696,
-3694,
-3691,
-3688,
-3686,
-3683,
-3680,
-3678,
-3675,
-3673,
-3670,
-3667,
-3665,
-3662,
-3659,
-3657,
-3654,
-3652,
-3649,
-3646,
-3644,
-3641,
-3638,
-3636,
-3633,
-3631,
-3628,
-3625,
-3623,
-3620,
-3617,
-3615,
-3612,
-3609,
-3607,
-3604,
-3602,
-3599,
-3596,
-3594,
-3591,
-3588,
-3586,
-3583,
-3581,
-3578,
-3575,
-3573,
-3570,
-3567,
-3565,
-3562,
-3560,
-3557,
-3554,
-3552,
-3549,
-3546,
-3544,
-3541,
-3539,
-3536,
-3533,
-3531,
-3528,
-3525,
-3523,
-3520,
-3517,
-3515,
-3512,
-3510,
-3507,
-3504,
-3502,
-3499,
-3496,
-3494,
-3491,
-3489,
-3486,
-3483,
-3481,
-3478,
-3475,
-3473,
-3470,
-3468,
-3465,
-3462,
-3460,
-3457,
-3454,
-3452,
-3449,
-3446,
-3444,
-3441,
-3439,
-3436,
-3433,
-3431,
-3428,
-3425,
-3423,
-3420,
-3418,
-3415,
-3412,
-3410,
-3407,
-3404,
-3402,
-3399,
-3397,
-3394,
-3391,
-3389,
-3386,
-3383,
-3381,
-3378,
-3376,
-3373,
-3370,
-3368,
-3365,
-3362,
-3360,
-3357,
-3354,
-3352,
-3349,
-3347,
-3344,
-3341,
-3339,
-3336,
-3333,
-3331,
-3328,
-3326,
-3323,
-3320,
-3318,
-3315,
-3312,
-3310,
-3307,
-3305,
-3302,
-3299,
-3297,
-3294,
-3291,
-3289,
-3286,
-3284,
-3281,
-3278,
-3276,
-3273,
-3270,
-3268,
-3265,
-3262,
-3260,
-3257,
-3255,
-3252,
-3249,
-3247,
-3244,
-3241,
-3239,
-3236,
-3234,
-3231,
-3228,
-3226,
-3223,
-3220,
-3218,
-3215,
-3213,
-3210,
-3207,
-3205,
-3202,
-3199,
-3197,
-3194,
-3191,
-3189,
-3186,
-3184,
-3181,
-3178,
-3176,
-3173,
-3170,
-3168,
-3165,
-3163,
-3160,
-3157,
-3155,
-3152,
-3149,
-3147,
-3144,
-3142,
-3139,
-3136,
-3134,
-3131,
-3128,
-3126,
-3123,
-3121,
-3118,
-3115,
-3113,
-3110,
-3107,
-3105,
-3102,
-3099,
-3097,
-3094,
-3092,
-3089,
-3086,
-3084,
-3081,
-3078,
-3076,
-3073,
-3071,
-3068,
-3065,
-3063,
-3060,
-3057,
-3055,
-3052,
-3050,
-3047,
-3044,
-3042,
-3039,
-3036,
-3034,
-3031,
-3029,
-3026,
-3023,
-3021,
-3018,
-3015,
-3013,
-3010,
-3007,
-3005,
-3002,
-3000,
-2997,
-2994,
-2992,
-2989,
-2986,
-2984,
-2981,
-2979,
-2976,
-2973,
-2971,
-2968,
-2965,
-2963,
-2960,
-2958,
-2955,
-2952,
-2950,
-2947,
-2944,
-2942,
-2939,
-2936,
-2934,
-2931,
-2929,
-2926,
-2923,
-2921,
-2918,
-2915,
-2913,
-2910,
-2908,
-2905,
-2902,
-2900,
-2897,
-2894,
-2892,
-2889,
-2887,
-2884,
-2881,
-2879,
-2876,
-2873,
-2871,
-2868,
-2866,
-2863,
-2860,
-2858,
-2855,
-2852,
-2850,
-2847,
-2844,
-2842,
-2839,
-2837,
-2834,
-2831,
-2829,
-2826,
-2823,
-2821,
-2818,
-2816,
-2813,
-2810,
-2808,
-2805,
-2802,
-2800,
-2797,
-2795,
-2792,
-2789,
-2787,
-2784,
-2781,
-2779,
-2776,
-2773,
-2771,
-2768,
-2766,
-2763,
-2760,
-2758,
-2755,
-2752,
-2750,
-2747,
-2745,
-2742,
-2739,
-2737,
-2734,
-2731,
-2729,
-2726,
-2724,
-2721,
-2718,
-2716,
-2713,
-2710,
-2708,
-2705,
-2703,
-2700,
-2697,
-2695,
-2692,
-2689,
-2687,
-2684,
-2681,
-2679,
-2676,
-2674,
-2671,
-2668,
-2666,
-2663,
-2660,
-2658,
-2655,
-2653,
-2650,
-2647,
-2645,
-2642,
-2639,
-2637,
-2634,
-2632,
-2629,
-2626,
-2624,
-2621,
-2618,
-2616,
-2613,
-2611,
-2608,
-2605,
-2603,
-2600,
-2597,
-2595,
-2592,
-2589,
-2587,
-2584,
-2582,
-2579,
-2576,
-2574,
-2571,
-2568,
-2566,
-2563,
-2561,
-2558,
-2555,
-2553,
-2550,
-2547,
-2545,
-2542,
-2540,
-2537,
-2534,
-2532,
-2529,
-2526,
-2524,
-2521,
-2518,
-2516,
-2513,
-2511,
-2508,
-2505,
-2503,
-2500,
-2497,
-2495,
-2492,
-2490,
-2487,
-2484,
-2482,
-2479,
-2476,
-2474,
-2471,
-2469,
-2466,
-2463,
-2461,
-2458,
-2455,
-2453,
-2450,
-2448,
-2445,
-2442,
-2440,
-2437,
-2434,
-2432,
-2429,
-2426,
-2424,
-2421,
-2419,
-2416,
-2413,
-2411,
-2408,
-2405,
-2403,
-2400,
-2398,
-2395,
-2392,
-2390,
-2387,
-2384,
-2382,
-2379,
-2377,
-2374,
-2371,
-2369,
-2366,
-2363,
-2361,
-2358,
-2356,
-2353,
-2350,
-2348,
-2345,
-2342,
-2340,
-2337,
-2334,
-2332,
-2329,
-2327,
-2324,
-2321,
-2319,
-2316,
-2313,
-2311,
-2308,
-2306,
-2303,
-2300,
-2298,
-2295,
-2292,
-2290,
-2287,
-2285,
-2282,
-2279,
-2277,
-2274,
-2271,
-2269,
-2266,
-2263,
-2261,
-2258,
-2256,
-2253,
-2250,
-2248,
-2245,
-2242,
-2240,
-2237,
-2235,
-2232,
-2229,
-2227,
-2224,
-2221,
-2219,
-2216,
-2214,
-2211,
-2208,
-2206,
-2203,
-2200,
-2198,
-2195,
-2193,
-2190,
-2187,
-2185,
-2182,
-2179,
-2177,
-2174,
-2171,
-2169,
-2166,
-2164,
-2161,
-2158,
-2156,
-2153,
-2150,
-2148,
-2145,
-2143,
-2140,
-2137,
-2135,
-2132,
-2129,
-2127,
-2124,
-2122,
-2119,
-2116,
-2114,
-2111,
-2108,
-2106,
-2103,
-2100,
-2098,
-2095,
-2093,
-2090,
-2087,
-2085,
-2082,
-2079,
-2077,
-2074,
-2072,
-2069,
-2066,
-2064,
-2061,
-2058,
-2056,
-2053,
-2051,
-2048,
-2045,
-2043,
-2040,
-2037,
-2035,
-2032,
-2030,
-2027,
-2024,
-2022,
-2019,
-2016,
-2014,
-2011,
-2008,
-2006,
-2003,
-2001,
-1998,
-1995,
-1993,
-1990,
-1987,
-1985,
-1982,
-1980,
-1977,
-1974,
-1972,
-1969,
-1966,
-1964,
-1961,
-1959,
-1956,
-1953,
-1951,
-1948,
-1945,
-1943,
-1940,
-1938,
-1935,
-1932,
-1930,
-1927,
-1924,
-1922,
-1919,
-1916,
-1914,
-1911,
-1909,
-1906,
-1903,
-1901,
-1898,
-1895,
-1893,
-1890,
-1888,
-1885,
-1882,
-1880,
-1877,
-1874,
-1872,
-1869,
-1867,
-1864,
-1861,
-1859,
-1856,
-1853,
-1851,
-1848,
-1845,
-1843,
-1840,
-1838,
-1835,
-1832,
-1830,
-1827,
-1824,
-1822,
-1819,
-1817,
-1814,
-1811,
-1809,
-1806,
-1803,
-1801,
-1798,
-1796,
-1793,
-1790,
-1788,
-1785,
-1782,
-1780,
-1777,
-1775,
-1772,
-1769,
-1767,
-1764,
-1761,
-1759,
-1756,
-1753,
-1751,
-1748,
-1746,
-1743,
-1740,
-1738,
-1735,
-1732,
-1730,
-1727,
-1725,
-1722,
-1719,
-1717,
-1714,
-1711,
-1709,
-1706,
-1704,
-1701,
-1698,
-1696,
-1693,
-1690,
-1688,
-1685,
-1683,
-1680,
-1677,
-1675,
-1672,
-1669,
-1667,
-1664,
-1661,
-1659,
-1656,
-1654,
-1651,
-1648,
-1646,
-1643,
-1640,
-1638,
-1635,
-1633,
-1630,
-1627,
-1625,
-1622,
-1619,
-1617,
-1614,
-1612,
-1609,
-1606,
-1604,
-1601,
-1598,
-1596,
-1593,
-1590,
-1588,
-1585,
-1583,
-1580,
-1577,
-1575,
-1572,
-1569,
-1567,
-1564,
-1562,
-1559,
-1556,
-1554,
-1551,
-1548,
-1546,
-1543,
-1541,
-1538,
-1535,
-1533,
-1530,
-1527,
-1525,
-1522,
-1520,
-1517,
-1514,
-1512,
-1509,
-1506,
-1504,
-1501,
-1498,
-1496,
-1493,
-1491,
-1488,
-1485,
-1483,
-1480,
-1477,
-1475,
-1472,
-1470,
-1467,
-1464,
-1462,
-1459,
-1456,
-1454,
-1451,
-1449,
-1446,
-1443,
-1441,
-1438,
-1435,
-1433,
-1430,
-1427,
-1425,
-1422,
-1420,
-1417,
-1414,
-1412,
-1409,
-1406,
-1404,
-1401,
-1399,
-1396,
-1393,
-1391,
-1388,
-1385,
-1383,
-1380,
-1378,
-1375,
-1372,
-1370,
-1367,
-1364,
-1362,
-1359,
-1357,
-1354,
-1351,
-1349,
-1346,
-1343,
-1341,
-1338,
-1335,
-1333,
-1330,
-1328,
-1325,
-1322,
-1320,
-1317,
-1314,
-1312,
-1309,
-1307,
-1304,
-1301,
-1299,
-1296,
-1293,
-1291,
-1288,
-1286,
-1283,
-1280,
-1278,
-1275,
-1272,
-1270,
-1267,
-1265,
-1262,
-1259,
-1257,
-1254,
-1251,
-1249,
-1246,
-1243,
-1241,
-1238,
-1236,
-1233,
-1230,
-1228,
-1225,
-1222,
-1220,
-1217,
-1215,
-1212,
-1209,
-1207,
-1204,
-1201,
-1199,
-1196,
-1194,
-1191,
-1188,
-1186,
-1183,
-1180,
-1178,
-1175,
-1172,
-1170,
-1167,
-1165,
-1162,
-1159,
-1157,
-1154,
-1151,
-1149,
-1146,
-1144,
-1141,
-1138,
-1136,
-1133,
-1130,
-1128,
-1125,
-1123,
-1120,
-1117,
-1115,
-1112,
-1109,
-1107,
-1104,
-1102,
-1099,
-1096,
-1094,
-1091,
-1088,
-1086,
-1083,
-1080,
-1078,
-1075,
-1073,
-1070,
-1067,
-1065,
-1062,
-1059,
-1057,
-1054,
-1052,
-1049,
-1046,
-1044,
-1041,
-1038,
-1036,
-1033,
-1031,
-1028,
-1025,
-1023,
-1020,
-1017,
-1015,
-1012,
-1009,
-1007,
-1004,
-1002,
-999,
-996,
-994,
-991,
-988,
-986,
-983,
-981,
-978,
-975,
-973,
-970,
-967,
-965,
-962,
-960,
-957,
-954,
-952,
-949,
-946,
-944,
-941,
-939,
-936,
-933,
-931,
-928,
-925,
-923,
-920,
-917,
-915,
-912,
-910,
-907,
-904,
-902,
-899,
-896,
-894,
-891,
-889,
-886,
-883,
-881,
-878,
-875,
-873,
-870,
-868,
-865,
-862,
-860,
-857,
-854,
-852,
-849,
-847,
-844,
-841,
-839,
-836,
-833,
-831,
-828,
-825,
-823,
-820,
-818,
-815,
-812,
-810,
-807,
-804,
-802,
-799,
-797,
-794,
-791,
-789,
-786,
-783,
-781,
-778,
-776,
-773,
-770,
-768,
-765,
-762,
-760,
-757,
-754,
-752,
-749,
-747,
-744,
-741,
-739,
-736,
-733,
-731,
-728,
-726,
-723,
-720,
-718,
-715,
-712,
-710,
-707,
-705,
-702,
-699,
-697,
-694,
-691,
-689,
-686,
-684,
-681,
-678,
-676,
-673,
-670,
-668,
-665,
-662,
-660,
-657,
-655,
-652,
-649,
-647,
-644,
-641,
-639,
-636,
-634,
-631,
-628,
-626,
-623,
-620,
-618,
-615,
-613,
-610,
-607,
-605,
-602,
-599,
-597,
-594,
-592,
-589,
-586,
-584,
-581,
-578,
-576,
-573,
-570,
-568,
-565,
-563,
-560,
-557,
-555,
-552,
-549,
-547,
-544,
-542,
-539,
-536,
-534,
-531,
-528,
-526,
-523,
-521,
-518,
-515,
-513,
-510,
-507,
-505,
-502,
-499,
-497,
-494,
-492,
-489,
-486,
-484,
-481,
-478,
-476,
-473,
-471,
-468,
-465,
-463,
-460,
-457,
-455,
-452,
-450,
-447,
-444,
-442,
-439,
-436,
-434,
-431,
-429,
-426,
-423,
-421,
-418,
-415,
-413,
-410,
-407,
-405,
-402,
-400,
-397,
-394,
-392,
-389,
-386,
-384,
-381,
-379,
-376,
-373,
-371,
-368,
-365,
-363,
-360,
-358,
-355,
-352,
-350,
-347,
-344,
-342,
-339,
-337,
-334,
-331,
-329,
-326,
-323,
-321,
-318,
-315,
-313,
-310,
-308,
-305,
-302,
-300,
-297,
-294,
-292,
-289,
-287,
-284,
-281,
-279,
-276,
-273,
-271,
-268,
-266,
-263,
-260,
-258,
-255,
-252,
-250,
-247,
-244,
-242,
-239,
-237,
-234,
-231,
-229,
-226,
-223,
-221,
-218,
-216,
-213,
-210,
-208,
-205,
-202,
-200,
-197,
-195,
-192,
-189,
-187,
-184,
-181,
-179,
-176,
-174,
-171,
-168,
-166,
-163,
-160,
-158,
-155,
-152,
-150,
-147,
-145,
-142,
-139,
-137,
-134,
-131,
-129,
-126,
-124,
-121,
-118,
-116,
-113,
-110,
-108,
-105,
-103,
-100,
-97,
-95,
-92,
-89,
-87,
-84,
-81,
-79,
-76,
-74,
-71,
-68,
-66,
-63,
-60,
-58,
-55,
-53,
-50,
-47,
-45,
-42,
-39,
-37,
-34,
-32,
-29,
-26,
-24,
-21,
-18,
-16,
-13,
-11,
-8,
-5,
-3,
0,
3,
5,
8,
11,
13,
16,
18,
21,
24,
26,
29,
32,
34,
37,
39,
42,
45,
47,
50,
53,
55,
58,
60,
63,
66,
68,
71,
74,
76,
79,
81,
84,
87,
89,
92,
95,
97,
100,
103,
105,
108,
110,
113,
116,
118,
121,
124,
126,
129,
131,
134,
137,
139,
142,
145,
147,
150,
152,
155,
158,
160,
163,
166,
168,
171,
174,
176,
179,
181,
184,
187,
189,
192,
195,
197,
200,
202,
205,
208,
210,
213,
216,
218,
221,
223,
226,
229,
231,
234,
237,
239,
242,
244,
247,
250,
252,
255,
258,
260,
263,
266,
268,
271,
273,
276,
279,
281,
284,
287,
289,
292,
294,
297,
300,
302,
305,
308,
310,
313,
315,
318,
321,
323,
326,
329,
331,
334,
337,
339,
342,
344,
347,
350,
352,
355,
358,
360,
363,
365,
368,
371,
373,
376,
379,
381,
384,
386,
389,
392,
394,
397,
400,
402,
405,
407,
410,
413,
415,
418,
421,
423,
426,
429,
431,
434,
436,
439,
442,
444,
447,
450,
452,
455,
457,
460,
463,
465,
468,
471,
473,
476,
478,
481,
484,
486,
489,
492,
494,
497,
499,
502,
505,
507,
510,
513,
515,
518,
521,
523,
526,
528,
531,
534,
536,
539,
542,
544,
547,
549,
552,
555,
557,
560,
563,
565,
568,
570,
573,
576,
578,
581,
584,
586,
589,
592,
594,
597,
599,
602,
605,
607,
610,
613,
615,
618,
620,
623,
626,
628,
631,
634,
636,
639,
641,
644,
647,
649,
652,
655,
657,
660,
662,
665,
668,
670,
673,
676,
678,
681,
684,
686,
689,
691,
694,
697,
699,
702,
705,
707,
710,
712,
715,
718,
720,
723,
726,
728,
731,
733,
736,
739,
741,
744,
747,
749,
752,
754,
757,
760,
762,
765,
768,
770,
773,
776,
778,
781,
783,
786,
789,
791,
794,
797,
799,
802,
804,
807,
810,
812,
815,
818,
820,
823,
825,
828,
831,
833,
836,
839,
841,
844,
847,
849,
852,
854,
857,
860,
862,
865,
868,
870,
873,
875,
878,
881,
883,
886,
889,
891,
894,
896,
899,
902,
904,
907,
910,
912,
915,
917,
920,
923,
925,
928,
931,
933,
936,
939,
941,
944,
946,
949,
952,
954,
957,
960,
962,
965,
967,
970,
973,
975,
978,
981,
983,
986,
988,
991,
994,
996,
999,
1002,
1004,
1007,
1010,
1012,
1015,
1017,
1020,
1023,
1025,
1028,
1031,
1033,
1036,
1038,
1041,
1044,
1046,
1049,
1052,
1054,
1057,
1059,
1062,
1065,
1067,
1070,
1073,
1075,
1078,
1080,
1083,
1086,
1088,
1091,
1094,
1096,
1099,
1102,
1104,
1107,
1109,
1112,
1115,
1117,
1120,
1123,
1125,
1128,
1130,
1133,
1136,
1138,
1141,
1144,
1146,
1149,
1151,
1154,
1157,
1159,
1162,
1165,
1167,
1170,
1172,
1175,
1178,
1180,
1183,
1186,
1188,
1191,
1194,
1196,
1199,
1201,
1204,
1207,
1209,
1212,
1215,
1217,
1220,
1222,
1225,
1228,
1230,
1233,
1236,
1238,
1241,
1243,
1246,
1249,
1251,
1254,
1257,
1259,
1262,
1265,
1267,
1270,
1272,
1275,
1278,
1280,
1283,
1286,
1288,
1291,
1293,
1296,
1299,
1301,
1304,
1307,
1309,
1312,
1314,
1317,
1320,
1322,
1325,
1328,
1330,
1333,
1335,
1338,
1341,
1343,
1346,
1349,
1351,
1354,
1357,
1359,
1362,
1364,
1367,
1370,
1372,
1375,
1378,
1380,
1383,
1385,
1388,
1391,
1393,
1396,
1399,
1401,
1404,
1406,
1409,
1412,
1414,
1417,
1420,
1422,
1425,
1427,
1430,
1433,
1435,
1438,
1441,
1443,
1446,
1449,
1451,
1454,
1456,
1459,
1462,
1464,
1467,
1470,
1472,
1475,
1477,
1480,
1483,
1485,
1488,
1491,
1493,
1496,
1498,
1501,
1504,
1506,
1509,
1512,
1514,
1517,
1520,
1522,
1525,
1527,
1530,
1533,
1535,
1538,
1541,
1543,
1546,
1548,
1551,
1554,
1556,
1559,
1562,
1564,
1567,
1569,
1572,
1575,
1577,
1580,
1583,
1585,
1588,
1590,
1593,
1596,
1598,
1601,
1604,
1606,
1609,
1612,
1614,
1617,
1619,
1622,
1625,
1627,
1630,
1633,
1635,
1638,
1640,
1643,
1646,
1648,
1651,
1654,
1656,
1659,
1661,
1664,
1667,
1669,
1672,
1675,
1677,
1680,
1683,
1685,
1688,
1690,
1693,
1696,
1698,
1701,
1704,
1706,
1709,
1711,
1714,
1717,
1719,
1722,
1725,
1727,
1730,
1732,
1735,
1738,
1740,
1743,
1746,
1748,
1751,
1753,
1756,
1759,
1761,
1764,
1767,
1769,
1772,
1775,
1777,
1780,
1782,
1785,
1788,
1790,
1793,
1796,
1798,
1801,
1803,
1806,
1809,
1811,
1814,
1817,
1819,
1822,
1824,
1827,
1830,
1832,
1835,
1838,
1840,
1843,
1845,
1848,
1851,
1853,
1856,
1859,
1861,
1864,
1867,
1869,
1872,
1874,
1877,
1880,
1882,
1885,
1888,
1890,
1893,
1895,
1898,
1901,
1903,
1906,
1909,
1911,
1914,
1916,
1919,
1922,
1924,
1927,
1930,
1932,
1935,
1938,
1940,
1943,
1945,
1948,
1951,
1953,
1956,
1959,
1961,
1964,
1966,
1969,
1972,
1974,
1977,
1980,
1982,
1985,
1987,
1990,
1993,
1995,
1998,
2001,
2003,
2006,
2008,
2011,
2014,
2016,
2019,
2022,
2024,
2027,
2030,
2032,
2035,
2037,
2040,
2043,
2045,
2048,
2051,
2053,
2056,
2058,
2061,
2064,
2066,
2069,
2072,
2074,
2077,
2079,
2082,
2085,
2087,
2090,
2093,
2095,
2098,
2100,
2103,
2106,
2108,
2111,
2114,
2116,
2119,
2122,
2124,
2127,
2129,
2132,
2135,
2137,
2140,
2143,
2145,
2148,
2150,
2153,
2156,
2158,
2161,
2164,
2166,
2169,
2171,
2174,
2177,
2179,
2182,
2185,
2187,
2190,
2193,
2195,
2198,
2200,
2203,
2206,
2208,
2211,
2214,
2216,
2219,
2221,
2224,
2227,
2229,
2232,
2235,
2237,
2240,
2242,
2245,
2248,
2250,
2253,
2256,
2258,
2261,
2263,
2266,
2269,
2271,
2274,
2277,
2279,
2282,
2285,
2287,
2290,
2292,
2295,
2298,
2300,
2303,
2306,
2308,
2311,
2313,
2316,
2319,
2321,
2324,
2327,
2329,
2332,
2334,
2337,
2340,
2342,
2345,
2348,
2350,
2353,
2356,
2358,
2361,
2363,
2366,
2369,
2371,
2374,
2377,
2379,
2382,
2384,
2387,
2390,
2392,
2395,
2398,
2400,
2403,
2405,
2408,
2411,
2413,
2416,
2419,
2421,
2424,
2426,
2429,
2432,
2434,
2437,
2440,
2442,
2445,
2448,
2450,
2453,
2455,
2458,
2461,
2463,
2466,
2469,
2471,
2474,
2476,
2479,
2482,
2484,
2487,
2490,
2492,
2495,
2497,
2500,
2503,
2505,
2508,
2511,
2513,
2516,
2518,
2521,
2524,
2526,
2529,
2532,
2534,
2537,
2540,
2542,
2545,
2547,
2550,
2553,
2555,
2558,
2561,
2563,
2566,
2568,
2571,
2574,
2576,
2579,
2582,
2584,
2587,
2589,
2592,
2595,
2597,
2600,
2603,
2605,
2608,
2611,
2613,
2616,
2618,
2621,
2624,
2626,
2629,
2632,
2634,
2637,
2639,
2642,
2645,
2647,
2650,
2653,
2655,
2658,
2660,
2663,
2666,
2668,
2671,
2674,
2676,
2679,
2681,
2684,
2687,
2689,
2692,
2695,
2697,
2700,
2703,
2705,
2708,
2710,
2713,
2716,
2718,
2721,
2724,
2726,
2729,
2731,
2734,
2737,
2739,
2742,
2745,
2747,
2750,
2752,
2755,
2758,
2760,
2763,
2766,
2768,
2771,
2773,
2776,
2779,
2781,
2784,
2787,
2789,
2792,
2795,
2797,
2800,
2802,
2805,
2808,
2810,
2813,
2816,
2818,
2821,
2823,
2826,
2829,
2831,
2834,
2837,
2839,
2842,
2844,
2847,
2850,
2852,
2855,
2858,
2860,
2863,
2866,
2868,
2871,
2873,
2876,
2879,
2881,
2884,
2887,
2889,
2892,
2894,
2897,
2900,
2902,
2905,
2908,
2910,
2913,
2915,
2918,
2921,
2923,
2926,
2929,
2931,
2934,
2936,
2939,
2942,
2944,
2947,
2950,
2952,
2955,
2958,
2960,
2963,
2965,
2968,
2971,
2973,
2976,
2979,
2981,
2984,
2986,
2989,
2992,
2994,
2997,
3000,
3002,
3005,
3007,
3010,
3013,
3015,
3018,
3021,
3023,
3026,
3029,
3031,
3034,
3036,
3039,
3042,
3044,
3047,
3050,
3052,
3055,
3057,
3060,
3063,
3065,
3068,
3071,
3073,
3076,
3078,
3081,
3084,
3086,
3089,
3092,
3094,
3097,
3099,
3102,
3105,
3107,
3110,
3113,
3115,
3118,
3121,
3123,
3126,
3128,
3131,
3134,
3136,
3139,
3142,
3144,
3147,
3149,
3152,
3155,
3157,
3160,
3163,
3165,
3168,
3170,
3173,
3176,
3178,
3181,
3184,
3186,
3189,
3191,
3194,
3197,
3199,
3202,
3205,
3207,
3210,
3213,
3215,
3218,
3220,
3223,
3226,
3228,
3231,
3234,
3236,
3239,
3241,
3244,
3247,
3249,
3252,
3255,
3257,
3260,
3262,
3265,
3268,
3270,
3273,
3276,
3278,
3281,
3284,
3286,
3289,
3291,
3294,
3297,
3299,
3302,
3305,
3307,
3310,
3312,
3315,
3318,
3320,
3323,
3326,
3328,
3331,
3333,
3336,
3339,
3341,
3344,
3347,
3349,
3352,
3354,
3357,
3360,
3362,
3365,
3368,
3370,
3373,
3376,
3378,
3381,
3383,
3386,
3389,
3391,
3394,
3397,
3399,
3402,
3404,
3407,
3410,
3412,
3415,
3418,
3420,
3423,
3425,
3428,
3431,
3433,
3436,
3439,
3441,
3444,
3446,
3449,
3452,
3454,
3457,
3460,
3462,
3465,
3468,
3470,
3473,
3475,
3478,
3481,
3483,
3486,
3489,
3491,
3494,
3496,
3499,
3502,
3504,
3507,
3510,
3512,
3515,
3517,
3520,
3523,
3525,
3528,
3531,
3533,
3536,
3539,
3541,
3544,
3546,
3549,
3552,
3554,
3557,
3560,
3562,
3565,
3567,
3570,
3573,
3575,
3578,
3581,
3583,
3586,
3588,
3591,
3594,
3596,
3599,
3602,
3604,
3607,
3609,
3612,
3615,
3617,
3620,
3623,
3625,
3628,
3631,
3633,
3636,
3638,
3641,
3644,
3646,
3649,
3652,
3654,
3657,
3659,
3662,
3665,
3667,
3670,
3673,
3675,
3678,
3680,
3683,
3686,
3688,
3691,
3694,
3696,
3699,
3702,
3704,
3707,
3709,
3712,
3715,
3717,
3720,
3723,
3725,
3728,
3730,
3733,
3736,
3738,
3741,
3744,
3746,
3749,
3751,
3754,
3757,
3759,
3762,
3765,
3767,
3770,
3772,
3775,
3778,
3780,
3783,
3786,
3788,
3791,
3794,
3796,
3799,
3801,
3804,
3807,
3809,
3812,
3815,
3817,
3820,
3822,
3825,
3828,
3830,
3833,
3836,
3838,
3841,
3843,
3846,
3849,
3851,
3854,
3857,
3859,
3862,
3864,
3867,
3870,
3872,
3875,
3878,
3880,
3883,
3886,
3888,
3891,
3893,
3896,
3899,
3901,
3904,
3907,
3909,
3912,
3914,
3917,
3920,
3922,
3925,
3928,
3930,
3933,
3935,
3938,
3941,
3943,
3946,
3949,
3951,
3954,
3957,
3959,
3962,
3964,
3967,
3970,
3972,
3975,
3978,
3980,
3983,
3985,
3988,
3991,
3993,
3996,
3999,
4001,
4004,
4006,
4009,
4012,
4014,
4017,
4020,
4022,
4025,
4027,
4030,
4033,
4035,
4038,
4041,
4043,
4046,
4049,
4051,
4054,
4056,
4059,
4062,
4064,
4067,
4070,
4072,
4075,
4077,
4080,
4083,
4085,
4088,
4091,
4093,
4096,
4098,
4101,
4104,
4106,
4109,
4112,
4114,
4117,
4119,
4122,
4125,
4127,
4130,
4133,
4135,
4138,
4141,
4143,
4146,
4148,
4151,
4154,
4156,
4159,
4162,
4164,
4167,
4169,
4172,
4175,
4177,
4180,
4183,
4185,
4188,
4190,
4193,
4196,
4198,
4201,
4204,
4206,
4209,
4212,
4214,
4217,
4219,
4222,
4225,
4227,
4230,
4233,
4235,
4238,
4240,
4243,
4246,
4248,
4251,
4254,
4256,
4259,
4261,
4264,
4267,
4269,
4272,
4275,
4277,
4280,
4282,
4285,
4288,
4290,
4293,
4296,
4298,
4301,
4304,
4306,
4309,
4311,
4314,
4317,
4319,
4322,
4325,
4327,
4330,
4332,
4335,
4338,
4340,
4343,
4346,
4348,
4351,
4353,
4356,
4359,
4361,
4364,
4367,
4369,
4372,
4375,
4377,
4380,
4382,
4385,
4388,
4390,
4393,
4396,
4398,
4401,
4403,
4406,
4409,
4411,
4414,
4417,
4419,
4422,
4424,
4427,
4430,
4432,
4435,
4438,
4440,
4443,
4445,
4448,
4451,
4453,
4456,
4459,
4461,
4464,
4467,
4469,
4472,
4474,
4477,
4480,
4482,
4485,
4488,
4490,
4493,
4495,
4498,
4501,
4503,
4506,
4509,
4511,
4514,
4516,
4519,
4522,
4524,
4527,
4530,
4532,
4535,
4537,
4540,
4543,
4545,
4548,
4551,
4553,
4556,
4559,
4561,
4564,
4566,
4569,
4572,
4574,
4577,
4580,
4582,
4585,
4587,
4590,
4593,
4595,
4598,
4601,
4603,
4606,
4608,
4611,
4614,
4616,
4619,
4622,
4624,
4627,
4630,
4632,
4635,
4637,
4640,
4643,
4645,
4648,
4651,
4653,
4656,
4658,
4661,
4664,
4666,
4669,
4672,
4674,
4677,
4679,
4682,
4685,
4687,
4690,
4693,
4695,
4698,
4700,
4703,
4706,
4708,
4711,
4714,
4716,
4719,
4722,
4724,
4727,
4729,
4732,
4735,
4737,
4740,
4743,
4745,
4748,
4750,
4753,
4756,
4758,
4761,
4764,
4766,
4769,
4771,
4774,
4777,
4779,
4782,
4785,
4787,
4790,
4792,
4795,
4798,
4800,
4803,
4806,
4808,
4811,
4814,
4816,
4819,
4821,
4824,
4827,
4829,
4832,
4835,
4837,
4840,
4842,
4845,
4848,
4850,
4853,
4856,
4858,
4861,
4863,
4866,
4869,
4871,
4874,
4877,
4879,
4882,
4885,
4887,
4890,
4892,
4895,
4898,
4900,
4903,
4906,
4908,
4911,
4913,
4916,
4919,
4921,
4924,
4927,
4929,
4932,
4934,
4937,
4940,
4942,
4945,
4948,
4950,
4953,
4955,
4958,
4961,
4963,
4966,
4969,
4971,
4974,
4977,
4979,
4982,
4984,
4987,
4990,
4992,
4995,
4998,
5000,
5003,
5005,
5008,
5011,
5013,
5016,
5019,
5021,
5024,
5026,
5029,
5032,
5034,
5037,
5040,
5042,
5045,
5048,
5050,
5053,
5055,
5058,
5061,
5063,
5066,
5069,
5071,
5074,
5076,
5079,
5082,
5084,
5087,
5090,
5092,
5095,
5097,
5100,
5103,
5105,
5108,
5111,
5113,
5116,
5118,
5121,
5124,
5126,
5129,
5132,
5134,
5137,
5140,
5142,
5145,
5147,
5150,
5153,
5155,
5158,
5161,
5163,
5166,
5168,
5171,
5174,
5176,
5179,
5182,
5184,
5187,
5189,
5192,
5195,
5197,
5200,
5203,
5205,
5208,
5210,
5213,
5216,
5218,
5221,
5224,
5226,
5229,
5232,
5234,
5237,
5239,
5242,
5245,
5247,
5250,
5253,
5255,
5258,
5260,
5263,
5266,
5268,
5271,
5274,
5276,
5279,
5281,
5284,
5287,
5289,
5292,
5295,
5297,
5300,
5303,
5305,
5308,
5310,
5313,
5316,
5318,
5321,
5324,
5326,
5329,
5331,
5334,
5337,
5339,
5342,
5345,
5347,
5350,
5352,
5355,
5358,
5360,
5363,
5366,
5368,
5371,
5373,
5376,
5379,
5381,
5384,
5387,
5389,
5392,
5395,
5397,
5400,
5402,
5405,
5408,
5410,
5413,
5416,
5418,
5421,
5423,
5426,
5429,
5431,
5434,
5437,
5439,
5442,
5444,
5447,
5450,
5452,
5455,
5458,
5460,
5463,
5465,
5468,
5471,
5473,
5476,
5479,
5481,
5484,
5487,
5489,
5492,
5494,
5497,
5500,
5502,
5505,
5508,
5510,
5513,
5515,
5518,
5521,
5523,
5526,
5529,
5531,
5534,
5536,
5539,
5542,
5544,
5547,
5550,
5552,
5555,
5558,
5560,
5563,
5565,
5568,
5571,
5573,
5576,
5579,
5581,
5584,
5586,
5589,
5592,
5594,
5597,
5600,
5602,
5605,
5607,
5610,
5613,
5615,
5618,
5621,
5623,
5626,
5628,
5631,
5634,
5636,
5639,
5642,
5644,
5647,
5650,
5652,
5655,
5657,
5660,
5663,
5665,
5668,
5671,
5673,
5676,
5678,
5681,
5684,
5686,
5689,
5692,
5694,
5697,
5699,
5702,
5705,
5707,
5710,
5713,
5715,
5718,
5721,
5723,
5726,
5728,
5731,
5734,
5736,
5739,
5742,
5744,
5747,
5749,
5752,
5755,
5757,
5760,
5763,
5765,
5768,
5770,
5773,
5776,
5778,
5781,
5784,
5786,
5789,
5791,
5794,
5797,
5799,
5802,
5805,
5807,
5810,
5813,
5815,
5818,
5820,
5823,
5826,
5828,
5831,
5834,
5836,
5839,
5841,
5844,
5847,
5849,
5852,
5855,
5857,
5860,
5862,
5865,
5868,
5870,
5873,
5876,
5878,
5881,
5883,
5886,
5889,
5891,
5894,
5897,
5899,
5902,
5905,
5907,
5910,
5912,
5915,
5918,
5920,
5923,
5926,
5928,
5931,
5933,
5936,
5939,
5941,
5944,
5947,
5949,
5952,
5954,
5957,
5960,
5962,
5965,
5968,
5970,
5973,
5976,
5978,
5981,
5983,
5986,
5989,
5991,
5994,
5997,
5999,
6002,
6004,
6007,
6010,
6012,
6015,
6018,
6020,
6023,
6025,
6028,
6031,
6033,
6036,
6039,
6041,
6044,
6046,
6049,
6052,
6054,
6057,
6060,
6062,
6065,
6068,
6070,
6073,
6075,
6078,
6081,
6083,
6086,
6089,
6091,
6094,
6096,
6099,
6102,
6104,
6107,
6110,
6112,
6115,
6117,
6120,
6123,
6125,
6128,
6131,
6133,
6136,
6138,
6141,
6144,
6146,
6149,
6152,
6154,
6157,
6160,
6162,
6165,
6167,
6170,
6173,
6175,
6178,
6181,
6183,
6186,
6188,
6191,
6194,
6196,
6199,
6202,
6204,
6207,
6209,
6212,
6215,
6217,
6220,
6223,
6225,
6228,
6231,
6233,
6236,
6238,
6241,
6244,
6246,
6249,
6252,
6254,
6257,
6259,
6262,
6265,
6267,
6270,
6273,
6275,
6278,
6280,
6283,
6286,
6288,
6291,
6294,
6296,
6299,
6301,
6304,
6307,
6309,
6312,
6315,
6317,
6320,
6323,
6325,
6328,
6330,
6333,
6336,
6338,
6341,
6344,
6346,
6349,
6351,
6354,
6357,
6359,
6362,
6365,
6367,
6370,
6372,
6375,
6378,
6380,
6383,
6386,
6388,
6391,
6394,
6396,
6399,
6401,
6404,
6407,
6409,
6412,
6415,
6417,
6420,
6422,
6425,
6428,
6430,
6433,
6436,
6438,
6441,
6443,
6446,
6449,
6451,
6454,
6457,
6459,
6462,
6464,
6467,
6470,
6472,
6475,
6478,
6480,
6483,
6486,
6488,
6491,
6493,
6496,
6499,
6501,
6504,
6507,
6509,
6512,
6514,
6517,
6520,
6522,
6525,
6528,
6530,
6533,
6535,
6538,
6541,
6543,
6546,
6549,
6551,
6554,
6556,
6559,
6562,
6564,
6567,
6570,
6572,
6575,
6578,
6580,
6583,
6585,
6588,
6591,
6593,
6596,
6599,
6601,
6604,
6606,
6609,
6612,
6614,
6617,
6620,
6622,
6625,
6627,
6630,
6633,
6635,
6638,
6641,
6643,
6646,
6649,
6651,
6654,
6656,
6659,
6662,
6664,
6667,
6670,
6672,
6675,
6677,
6680,
6683,
6685,
6688,
6691,
6693,
6696,
6698,
6701,
6704,
6706,
6709,
6712,
6714,
6717,
6719,
6722,
6725,
6727,
6730,
6733,
6735,
6738,
6741,
6743,
6746,
6748,
6751,
6754,
6756,
6759,
6762,
6764,
6767,
6769,
6772,
6775,
6777,
6780,
6783,
6785,
6788,
6790,
6793,
6796,
6798,
6801,
6804,
6806,
6809,
6811,
6814,
6817,
6819,
6822,
6825,
6827,
6830,
6833,
6835,
6838,
6840,
6843,
6846,
6848,
6851,
6854,
6856,
6859,
6861,
6864,
6867,
6869,
6872,
6875,
6877,
6880,
6882,
6885,
6888,
6890,
6893,
6896,
6898,
6901,
6904,
6906,
6909,
6911,
6914,
6917,
6919,
6922,
6925,
6927,
6930,
6932,
6935,
6938,
6940,
6943,
6946,
6948,
6951,
6953,
6956,
6959,
6961,
6964,
6967,
6969,
6972,
6974,
6977,
6980,
6982,
6985,
6988,
6990,
6993,
6996,
6998,
7001,
7003,
7006,
7009,
7011,
7014,
7017,
7019,
7022,
7024,
7027,
7030,
7032,
7035,
7038,
7040,
7043,
7045,
7048,
7051,
7053,
7056,
7059,
7061,
7064,
7067,
7069,
7072,
7074,
7077,
7080,
7082,
7085,
7088,
7090,
7093,
7095,
7098,
7101,
7103,
7106,
7109,
7111,
7114,
7116,
7119,
7122,
7124,
7127,
7130,
7132,
7135,
7137,
7140,
7143,
7145,
7148,
7151,
7153,
7156,
7159,
7161,
7164,
7166,
7169,
7172,
7174,
7177,
7180,
7182,
7185,
7187,
7190,
7193,
7195,
7198,
7201,
7203,
7206,
7208,
7211,
7214,
7216,
7219,
7222,
7224,
7227,
7229,
7232,
7235,
7237,
7240,
7243,
7245,
7248,
7251,
7253,
7256,
7258,
7261,
7264,
7266,
7269,
7272,
7274,
7277,
7279,
7282,
7285,
7287,
7290,
7293,
7295,
7298,
7300,
7303,
7306,
7308,
7311,
7314,
7316,
7319,
7322,
7324,
7327,
7329,
7332,
7335,
7337,
7340,
7343,
7345,
7348,
7350,
7353,
7356,
7358,
7361,
7364,
7366,
7369,
7371,
7374,
7377,
7379,
7382,
7385,
7387,
7390,
7392,
7395,
7398,
7400,
7403,
7406,
7408,
7411,
7414,
7416,
7419,
7421,
7424,
7427,
7429,
7432,
7435,
7437,
7440,
7442,
7445,
7448,
7450,
7453,
7456,
7458,
7461,
7463,
7466,
7469,
7471,
7474,
7477,
7479,
7482,
7484,
7487,
7490,
7492,
7495,
7498,
7500,
7503,
7506,
7508,
7511,
7513,
7516,
7519,
7521,
7524,
7527,
7529,
7532,
7534,
7537,
7540,
7542,
7545,
7548,
7550,
7553,
7555,
7558,
7561,
7563,
7566,
7569,
7571,
7574,
7577,
7579,
7582,
7584,
7587,
7590,
7592,
7595,
7598,
7600,
7603,
7605,
7608,
7611,
7613,
7616,
7619,
7621,
7624,
7626,
7629,
7632,
7634,
7637,
7640,
7642,
7645,
7647,
7650,
7653,
7655,
7658,
7661,
7663,
7666,
7669,
7671,
7674,
7676,
7679,
7682,
7684,
7687,
7690,
7692,
7695,
7697,
7700,
7703,
7705,
7708,
7711,
7713,
7716,
7718,
7721,
7724,
7726,
7729,
7732,
7734,
7737,
7740,
7742,
7745,
7747,
7750,
7753,
7755,
7758,
7761,
7763,
7766,
7768,
7771,
7774,
7776,
7779,
7782,
7784,
7787,
7789,
7792,
7795,
7797,
7800,
7803,
7805,
7808,
7810,
7813,
7816,
7818,
7821,
7824,
7826,
7829,
7832,
7834,
7837,
7839,
7842,
7845,
7847,
7850,
7853,
7855,
7858,
7860,
7863,
7866,
7868,
7871,
7874,
7876,
7879,
7881,
7884,
7887,
7889,
7892,
7895,
7897,
7900,
7902,
7905,
7908,
7910,
7913,
7916,
7918,
7921,
7924,
7926,
7929,
7931,
7934,
7937,
7939,
7942,
7945,
7947,
7950,
7952,
7955,
7958,
7960,
7963,
7966,
7968,
7971,
7973,
7976,
7979,
7981,
7984,
7987,
7989,
7992,
7995,
7997,
8000,
8002,
8005,
8008,
8010,
8013,
8016,
8018,
8021,
8023,
8026,
8029,
8031,
8034,
8037,
8039,
8042,
8044,
8047,
8050,
8052,
8055,
8058,
8060,
8063,
8065,
8068,
8071,
8073,
8076,
8079,
8081,
8084,
8087,
8089,
8092,
8094,
8097,
8100,
8102,
8105,
8108,
8110,
8113,
8115,
8118,
8121,
8123,
8126,
8129,
8131,
8134,
8136,
8139,
8142,
8144,
8147,
8150,
8152,
8155,
8157,
8160,
8163,
8165,
8168,
8171,
8173,
8176,
8179,
8181,
8184,
8186,
8189,
8192,
8194,
8197,
8200,
8202,
8205,
8207,
8210,
8213,
8215,
8218,
8221,
8223,
8226,
8228,
8231,
8234,
8236,
8239,
8242,
8244,
8247,
8250,
8252,
8255,
8257,
8260,
8263,
8265,
8268,
8271,
8273,
8276,
8278,
8281,
8284,
8286,
8289,
8292,
8294,
8297,
8299,
8302,
8305,
8307,
8310,
8313,
8315,
8318,
8320,
8323,
8326,
8328,
8331,
8334,
8336,
8339,
8342,
8344,
8347,
8349,
8352,
8355,
8357,
8360,
8363,
8365,
8368,
8370,
8373,
8376,
8378,
8381,
8384,
8386,
8389,
8391,
8394,
8397,
8399,
8402,
8405,
8407,
8410,
8413,
8415,
8418,
8420,
8423,
8426,
8428,
8431,
8434,
8436,
8439,
8441,
8444,
8447,
8449,
8452,
8455,
8457,
8460,
8462,
8465,
8468,
8470,
8473,
8476,
8478,
8481,
8483,
8486,
8489,
8491,
8494,
8497,
8499,
8502,
8505,
8507,
8510,
8512,
8515,
8518,
8520,
8523,
8526,
8528,
8531,
8533,
8536,
8539,
8541,
8544,
8547,
8549,
8552,
8554,
8557,
8560,
8562,
8565,
8568,
8570,
8573,
8575,
8578,
8581,
8583,
8586,
8589,
8591,
8594,
8597,
8599,
8602,
8604,
8607,
8610,
8612,
8615,
8618,
8620,
8623,
8625,
8628,
8631,
8633,
8636,
8639,
8641,
8644,
8646,
8649,
8652,
8654,
8657,
8660,
8662,
8665,
8668,
8670,
8673,
8675,
8678,
8681,
8683,
8686,
8689,
8691,
8694,
8696,
8699,
8702,
8704,
8707,
8710,
8712,
8715,
8717,
8720,
8723,
8725,
8728,
8731,
8733,
8736,
8738,
8741,
8744,
8746,
8749,
8752,
8754,
8757,
8760,
8762,
8765,
8767,
8770,
8773,
8775,
8778,
8781,
8783,
8786,
8788,
8791,
8794,
8796,
8799,
8802,
8804,
8807,
8809,
8812,
8815,
8817,
8820,
8823,
8825,
8828,
8830,
8833,
8836,
8838,
8841,
8844,
8846,
8849,
8852,
8854,
8857,
8859,
8862,
8865,
8867,
8870,
8873,
8875,
8878,
8880,
8883,
8886,
8888,
8891,
8894,
8896,
8899,
8901,
8904,
8907,
8909,
8912,
8915,
8917,
8920,
8923,
8925,
8928,
8930,
8933,
8936,
8938,
8941,
8944,
8946,
8949,
8951,
8954,
8957,
8959,
8962,
8965,
8967,
8970,
8972,
8975,
8978,
8980,
8983,
8986,
8988,
8991,
8993,
8996,
8999,
9001,
9004,
9007,
9009,
9012,
9015,
9017,
9020,
9022,
9025,
9028,
9030,
9033,
9036,
9038,
9041,
9043,
9046,
9049,
9051,
9054,
9057,
9059,
9062,
9064,
9067,
9070,
9072,
9075,
9078,
9080,
9083,
9086,
9088,
9091,
9093,
9096,
9099,
9101,
9104,
9107,
9109,
9112,
9114,
9117,
9120,
9122,
9125,
9128,
9130,
9133,
9135,
9138,
9141,
9143,
9146,
9149,
9151,
9154,
9156,
9159,
9162,
9164,
9167,
9170,
9172,
9175,
9178,
9180,
9183,
9185,
9188,
9191,
9193,
9196,
9199,
9201,
9204,
9206,
9209,
9212,
9214,
9217,
9220,
9222,
9225,
9227,
9230,
9233,
9235,
9238,
9241,
9243,
9246,
9248,
9251,
9254,
9256,
9259,
9262,
9264,
9267,
9270,
9272,
9275,
9277,
9280,
9283,
9285,
9288,
9291,
9293,
9296,
9298,
9301,
9304,
9306,
9309,
9312,
9314,
9317,
9319,
9322,
9325,
9327,
9330,
9333,
9335,
9338,
9341,
9343,
9346,
9348,
9351,
9354,
9356,
9359,
9362,
9364,
9367,
9369,
9372,
9375,
9377,
9380,
9383,
9385,
9388,
9390,
9393,
9396,
9398,
9401,
9404,
9406,
9409,
9411,
9414,
9417,
9419,
9422,
9425,
9427,
9430,
9433,
9435,
9438,
9440,
9443,
9446,
9448,
9451,
9454,
9456,
9459,
9461,
9464,
9467,
9469,
9472,
9475,
9477,
9480,
9482,
9485,
9488,
9490,
9493,
9496,
9498,
9501,
9503,
9506,
9509,
9511,
9514,
9517,
9519,
9522,
9525,
9527,
9530,
9532,
9535,
9538,
9540,
9543,
9546,
9548,
9551,
9553,
9556,
9559,
9561,
9564,
9567,
9569,
9572,
9574,
9577,
9580,
9582,
9585,
9588,
9590,
9593,
9596,
9598,
9601,
9603,
9606,
9609,
9611,
9614,
9617,
9619,
9622,
9624,
9627,
9630,
9632,
9635,
9638,
9640,
9643,
9645,
9648,
9651,
9653,
9656,
9659,
9661,
9664,
9666,
9669,
9672,
9674,
9677,
9680,
9682,
9685,
9688,
9690,
9693,
9695,
9698,
9701,
9703,
9706,
9709,
9711,
9714,
9716,
9719,
9722,
9724,
9727,
9730,
9732,
9735,
9737,
9740,
9743,
9745,
9748,
9751,
9753,
9756,
9759,
9761,
9764,
9766,
9769,
9772,
9774,
9777,
9780,
9782,
9785,
9787,
9790,
9793,
9795,
9798,
9801,
9803,
9806,
9808,
9811,
9814,
9816,
9819,
9822,
9824,
9827,
9829,
9832,
9835,
9837,
9840,
9843,
9845,
9848,
9851,
9853,
9856,
9858,
9861,
9864,
9866,
9869,
9872,
9874,
9877,
9879,
9882,
9885,
9887,
9890,
9893,
9895,
9898,
9900,
9903,
9906,
9908,
9911,
9914,
9916,
9919,
9921,
9924,
9927,
9929,
9932,
9935,
9937,
9940,
9943,
9945,
9948,
9950,
9953,
9956,
9958,
9961,
9964,
9966,
9969,
9971,
9974,
9977,
9979,
9982,
9985,
9987,
9990,
9992,
9995,
9998,
10000,
10003,
10006,
10008,
10011,
10014,
10016,
10019,
10021,
10024,
10027,
10029,
10032,
10035,
10037,
10040,
10042,
10045,
10048,
10050,
10053,
10056,
10058,
10061,
10063,
10066,
10069,
10071,
10074,
10077,
10079,
10082,
10084,
10087,
10090,
10092,
10095,
10098,
10100,
10103,
10106,
10108,
10111,
10113,
10116,
10119,
10121,
10124,
10127,
10129,
10132,
10134,
10137,
10140,
10142,
10145,
10148,
10150,
10153,
10155,
10158,
10161,
10163,
10166,
10169,
10171,
10174,
10176,
10179,
10182,
10184,
10187,
10190,
10192,
10195,
10198,
10200,
10203,
10205,
10208,
10211,
10213,
10216,
10219,
10221,
10224,
10226,
10229,
10232,
10234,
10237,
10240,
10242,
10245,
10247,
10250,
10253,
10255,
10258,
10261,
10263,
10266,
10269,
10271,
10274,
10276,
10279,
10282,
10284,
10287,
10290,
10292,
10295,
10297,
10300,
10303,
10305,
10308,
10311,
10313,
10316,
10318,
10321,
10324,
10326,
10329,
10332,
10334,
10337,
10339,
10342,
10345,
10347,
10350,
10353,
10355,
10358,
10361,
10363,
10366,
10368,
10371,
10374,
10376,
10379,
10382,
10384,
10387,
10389,
10392,
10395,
10397,
10400,
10403,
10405,
10408,
10410,
10413,
10416,
10418,
10421,
10424,
10426,
10429,
10432,
10434,
10437,
10439,
10442,
10445,
10447,
10450,
10453,
10455,
10458,
10460,
10463,
10466,
10468,
10471,
10474,
10476,
10479,
10481,
10484,
10487,
10489,
10492,
10495,
10497,
10500,
10502,
10505,
10508,
10510,
10513,
10516,
10518,
10521,
10524,
10526,
10529,
10531,
10534,
10537,
10539,
10542,
10545,
10547,
10550,
10552,
10555,
10558,
10560,
10563,
10566,
10568,
10571,
10573,
10576,
10579,
10581,
10584,
10587,
10589,
10592,
10594,
10597,
10600,
10602,
10605,
10608,
10610,
10613,
10616,
10618,
10621,
10623,
10626,
10629,
10631,
10634,
10637,
10639,
10642,
10644,
10647,
10650,
10652,
10655,
10658,
10660,
10663,
10665,
10668,
10671,
10673,
10676,
10679,
10681,
10684,
10687,
10689,
10692,
10694,
10697,
10700,
10702,
10705,
10708,
10710,
10713,
10715,
10718,
10721,
10723,
10726,
10729,
10731,
10734,
10736,
10739,
10742,
10744,
10747,
10750,
10752,
10755,
10757,
10760,
10763,
10765,
10768,
10765,
10763,
10760,
10757,
10755,
10752,
10750,
10747,
10744,
10742,
10739,
10736,
10734,
10731,
10729,
10726,
10723,
10721,
10718,
10715,
10713,
10710,
10708,
10705,
10702,
10700,
10697,
10694,
10692,
10689,
10687,
10684,
10681,
10679,
10676,
10673,
10671,
10668,
10665,
10663,
10660,
10658,
10655,
10652,
10650,
10647,
10644,
10642,
10639,
10637,
10634,
10631,
10629,
10626,
10623,
10621,
10618,
10616,
10613,
10610,
10608,
10605,
10602,
10600,
10597,
10594,
10592,
10589,
10587,
10584,
10581,
10579,
10576,
10573,
10571,
10568,
10566,
10563,
10560,
10558,
10555,
10552,
10550,
10547,
10545,
10542,
10539,
10537,
10534,
10531,
10529,
10526,
10524,
10521,
10518,
10516,
10513,
10510,
10508,
10505,
10502,
10500,
10497,
10495,
10492,
10489,
10487,
10484,
10481,
10479,
10476,
10474,
10471,
10468,
10466,
10463,
10460,
10458,
10455,
10453,
10450,
10447,
10445,
10442,
10439,
10437,
10434,
10432,
10429,
10426,
10424,
10421,
10418,
10416,
10413,
10410,
10408,
10405,
10403,
10400,
10397,
10395,
10392,
10389,
10387,
10384,
10382,
10379,
10376,
10374,
10371,
10368,
10366,
10363,
10361,
10358,
10355,
10353,
10350,
10347,
10345,
10342,
10339,
10337,
10334,
10332,
10329,
10326,
10324,
10321,
10318,
10316,
10313,
10311,
10308,
10305,
10303,
10300,
10297,
10295,
10292,
10290,
10287,
10284,
10282,
10279,
10276,
10274,
10271,
10269,
10266,
10263,
10261,
10258,
10255,
10253,
10250,
10247,
10245,
10242,
10240,
10237,
10234,
10232,
10229,
10226,
10224,
10221,
10219,
10216,
10213,
10211,
10208,
10205,
10203,
10200,
10198,
10195,
10192,
10190,
10187,
10184,
10182,
10179,
10176,
10174,
10171,
10169,
10166,
10163,
10161,
10158,
10155,
10153,
10150,
10148,
10145,
10142,
10140,
10137,
10134,
10132,
10129,
10127,
10124,
10121,
10119,
10116,
10113,
10111,
10108,
10106,
10103,
10100,
10098,
10095,
10092,
10090,
10087,
10084,
10082,
10079,
10077,
10074,
10071,
10069,
10066,
10063,
10061,
10058,
10056,
10053,
10050,
10048,
10045,
10042,
10040,
10037,
10035,
10032,
10029,
10027,
10024,
10021,
10019,
10016,
10014,
10011,
10008,
10006,
10003,
10000,
9998,
9995,
9992,
9990,
9987,
9985,
9982,
9979,
9977,
9974,
9971,
9969,
9966,
9964,
9961,
9958,
9956,
9953,
9950,
9948,
9945,
9943,
9940,
9937,
9935,
9932,
9929,
9927,
9924,
9921,
9919,
9916,
9914,
9911,
9908,
9906,
9903,
9900,
9898,
9895,
9893,
9890,
9887,
9885,
9882,
9879,
9877,
9874,
9872,
9869,
9866,
9864,
9861,
9858,
9856,
9853,
9851,
9848,
9845,
9843,
9840,
9837,
9835,
9832,
9829,
9827,
9824,
9822,
9819,
9816,
9814,
9811,
9808,
9806,
9803,
9801,
9798,
9795,
9793,
9790,
9787,
9785,
9782,
9780,
9777,
9774,
9772,
9769,
9766,
9764,
9761,
9759,
9756,
9753,
9751,
9748,
9745,
9743,
9740,
9737,
9735,
9732,
9730,
9727,
9724,
9722,
9719,
9716,
9714,
9711,
9709,
9706,
9703,
9701,
9698,
9695,
9693,
9690,
9688,
9685,
9682,
9680,
9677,
9674,
9672,
9669,
9666,
9664,
9661,
9659,
9656,
9653,
9651,
9648,
9645,
9643,
9640,
9638,
9635,
9632,
9630,
9627,
9624,
9622,
9619,
9617,
9614,
9611,
9609,
9606,
9603,
9601,
9598,
9596,
9593,
9590,
9588,
9585,
9582,
9580,
9577,
9574,
9572,
9569,
9567,
9564,
9561,
9559,
9556,
9553,
9551,
9548,
9546,
9543,
9540,
9538,
9535,
9532,
9530,
9527,
9525,
9522,
9519,
9517,
9514,
9511,
9509,
9506,
9503,
9501,
9498,
9496,
9493,
9490,
9488,
9485,
9482,
9480,
9477,
9475,
9472,
9469,
9467,
9464,
9461,
9459,
9456,
9454,
9451,
9448,
9446,
9443,
9440,
9438,
9435,
9433,
9430,
9427,
9425,
9422,
9419,
9417,
9414,
9411,
9409,
9406,
9404,
9401,
9398,
9396,
9393,
9390,
9388,
9385,
9383,
9380,
9377,
9375,
9372,
9369,
9367,
9364,
9362,
9359,
9356,
9354,
9351,
9348,
9346,
9343,
9341,
9338,
9335,
9333,
9330,
9327,
9325,
9322,
9319,
9317,
9314,
9312,
9309,
9306,
9304,
9301,
9298,
9296,
9293,
9291,
9288,
9285,
9283,
9280,
9277,
9275,
9272,
9270,
9267,
9264,
9262,
9259,
9256,
9254,
9251,
9248,
9246,
9243,
9241,
9238,
9235,
9233,
9230,
9227,
9225,
9222,
9220,
9217,
9214,
9212,
9209,
9206,
9204,
9201,
9199,
9196,
9193,
9191,
9188,
9185,
9183,
9180,
9178,
9175,
9172,
9170,
9167,
9164,
9162,
9159,
9156,
9154,
9151,
9149,
9146,
9143,
9141,
9138,
9135,
9133,
9130,
9128,
9125,
9122,
9120,
9117,
9114,
9112,
9109,
9107,
9104,
9101,
9099,
9096,
9093,
9091,
9088,
9086,
9083,
9080,
9078,
9075,
9072,
9070,
9067,
9064,
9062,
9059,
9057,
9054,
9051,
9049,
9046,
9043,
9041,
9038,
9036,
9033,
9030,
9028,
9025,
9022,
9020,
9017,
9015,
9012,
9009,
9007,
9004,
9001,
8999,
8996,
8993,
8991,
8988,
8986,
8983,
8980,
8978,
8975,
8972,
8970,
8967,
8965,
8962,
8959,
8957,
8954,
8951,
8949,
8946,
8944,
8941,
8938,
8936,
8933,
8930,
8928,
8925,
8923,
8920,
8917,
8915,
8912,
8909,
8907,
8904,
8901,
8899,
8896,
8894,
8891,
8888,
8886,
8883,
8880,
8878,
8875,
8873,
8870,
8867,
8865,
8862,
8859,
8857,
8854,
8852,
8849,
8846,
8844,
8841,
8838,
8836,
8833,
8830,
8828,
8825,
8823,
8820,
8817,
8815,
8812,
8809,
8807,
8804,
8802,
8799,
8796,
8794,
8791,
8788,
8786,
8783,
8781,
8778,
8775,
8773,
8770,
8767,
8765,
8762,
8760,
8757,
8754,
8752,
8749,
8746,
8744,
8741,
8738,
8736,
8733,
8731,
8728,
8725,
8723,
8720,
8717,
8715,
8712,
8710,
8707,
8704,
8702,
8699,
8696,
8694,
8691,
8689,
8686,
8683,
8681,
8678,
8675,
8673,
8670,
8668,
8665,
8662,
8660,
8657,
8654,
8652,
8649,
8646,
8644,
8641,
8639,
8636,
8633,
8631,
8628,
8625,
8623,
8620,
8618,
8615,
8612,
8610,
8607,
8604,
8602,
8599,
8597,
8594,
8591,
8589,
8586,
8583,
8581,
8578,
8575,
8573,
8570,
8568,
8565,
8562,
8560,
8557,
8554,
8552,
8549,
8547,
8544,
8541,
8539,
8536,
8533,
8531,
8528,
8526,
8523,
8520,
8518,
8515,
8512,
8510,
8507,
8505,
8502,
8499,
8497,
8494,
8491,
8489,
8486,
8483,
8481,
8478,
8476,
8473,
8470,
8468,
8465,
8462,
8460,
8457,
8455,
8452,
8449,
8447,
8444,
8441,
8439,
8436,
8434,
8431,
8428,
8426,
8423,
8420,
8418,
8415,
8413,
8410,
8407,
8405,
8402,
8399,
8397,
8394,
8391,
8389,
8386,
8384,
8381,
8378,
8376,
8373,
8370,
8368,
8365,
8363,
8360,
8357,
8355,
8352,
8349,
8347,
8344,
8342,
8339,
8336,
8334,
8331,
8328,
8326,
8323,
8320,
8318,
8315,
8313,
8310,
8307,
8305,
8302,
8299,
8297,
8294,
8292,
8289,
8286,
8284,
8281,
8278,
8276,
8273,
8271,
8268,
8265,
8263,
8260,
8257,
8255,
8252,
8250,
8247,
8244,
8242,
8239,
8236,
8234,
8231,
8228,
8226,
8223,
8221,
8218,
8215,
8213,
8210,
8207,
8205,
8202,
8200,
8197,
8194,
8192,
8189,
8186,
8184,
8181,
8179,
8176,
8173,
8171,
8168,
8165,
8163,
8160,
8157,
8155,
8152,
8150,
8147,
8144,
8142,
8139,
8136,
8134,
8131,
8129,
8126,
8123,
8121,
8118,
8115,
8113,
8110,
8108,
8105,
8102,
8100,
8097,
8094,
8092,
8089,
8087,
8084,
8081,
8079,
8076,
8073,
8071,
8068,
8065,
8063,
8060,
8058,
8055,
8052,
8050,
8047,
8044,
8042,
8039,
8037,
8034,
8031,
8029,
8026,
8023,
8021,
8018,
8016,
8013,
8010,
8008,
8005,
8002,
8000,
7997,
7995,
7992,
7989,
7987,
7984,
7981,
7979,
7976,
7973,
7971,
7968,
7966,
7963,
7960,
7958,
7955,
7952,
7950,
7947,
7945,
7942,
7939,
7937,
7934,
7931,
7929,
7926,
7924,
7921,
7918,
7916,
7913,
7910,
7908,
7905,
7902,
7900,
7897,
7895,
7892,
7889,
7887,
7884,
7881,
7879,
7876,
7874,
7871,
7868,
7866,
7863,
7860,
7858,
7855,
7853,
7850,
7847,
7845,
7842,
7839,
7837,
7834,
7832,
7829,
7826,
7824,
7821,
7818,
7816,
7813,
7810,
7808,
7805,
7803,
7800,
7797,
7795,
7792,
7789,
7787,
7784,
7782,
7779,
7776,
7774,
7771,
7768,
7766,
7763,
7761,
7758,
7755,
7753,
7750,
7747,
7745,
7742,
7740,
7737,
7734,
7732,
7729,
7726,
7724,
7721,
7718,
7716,
7713,
7711,
7708,
7705,
7703,
7700,
7697,
7695,
7692,
7690,
7687,
7684,
7682,
7679,
7676,
7674,
7671,
7669,
7666,
7663,
7661,
7658,
7655,
7653,
7650,
7647,
7645,
7642,
7640,
7637,
7634,
7632,
7629,
7626,
7624,
7621,
7619,
7616,
7613,
7611,
7608,
7605,
7603,
7600,
7598,
7595,
7592,
7590,
7587,
7584,
7582,
7579,
7577,
7574,
7571,
7569,
7566,
7563,
7561,
7558,
7555,
7553,
7550,
7548,
7545,
7542,
7540,
7537,
7534,
7532,
7529,
7527,
7524,
7521,
7519,
7516,
7513,
7511,
7508,
7506,
7503,
7500,
7498,
7495,
7492,
7490,
7487,
7484,
7482,
7479,
7477,
7474,
7471,
7469,
7466,
7463,
7461,
7458,
7456,
7453,
7450,
7448,
7445,
7442,
7440,
7437,
7435,
7432,
7429,
7427,
7424,
7421,
7419,
7416,
7414,
7411,
7408,
7406,
7403,
7400,
7398,
7395,
7392,
7390,
7387,
7385,
7382,
7379,
7377,
7374,
7371,
7369,
7366,
7364,
7361,
7358,
7356,
7353,
7350,
7348,
7345,
7343,
7340,
7337,
7335,
7332,
7329,
7327,
7324,
7322,
7319,
7316,
7314,
7311,
7308,
7306,
7303,
7300,
7298,
7295,
7293,
7290,
7287,
7285,
7282,
7279,
7277,
7274,
7272,
7269,
7266,
7264,
7261,
7258,
7256,
7253,
7251,
7248,
7245,
7243,
7240,
7237,
7235,
7232,
7229,
7227,
7224,
7222,
7219,
7216,
7214,
7211,
7208,
7206,
7203,
7201,
7198,
7195,
7193,
7190,
7187,
7185,
7182,
7180,
7177,
7174,
7172,
7169,
7166,
7164,
7161,
7159,
7156,
7153,
7151,
7148,
7145,
7143,
7140,
7137,
7135,
7132,
7130,
7127,
7124,
7122,
7119,
7116,
7114,
7111,
7109,
7106,
7103,
7101,
7098,
7095,
7093,
7090,
7088,
7085,
7082,
7080,
7077,
7074,
7072,
7069,
7067,
7064,
7061,
7059,
7056,
7053,
7051,
7048,
7045,
7043,
7040,
7038,
7035,
7032,
7030,
7027,
7024,
7022,
7019,
7017,
7014,
7011,
7009,
7006,
7003,
7001,
6998,
6996,
6993,
6990,
6988,
6985,
6982,
6980,
6977,
6974,
6972,
6969,
6967,
6964,
6961,
6959,
6956,
6953,
6951,
6948,
6946,
6943,
6940,
6938,
6935,
6932,
6930,
6927,
6925,
6922,
6919,
6917,
6914,
6911,
6909,
6906,
6904,
6901,
6898,
6896,
6893,
6890,
6888,
6885,
6882,
6880,
6877,
6875,
6872,
6869,
6867,
6864,
6861,
6859,
6856,
6854,
6851,
6848,
6846,
6843,
6840,
6838,
6835,
6833,
6830,
6827,
6825,
6822,
6819,
6817,
6814,
6811,
6809,
6806,
6804,
6801,
6798,
6796,
6793,
6790,
6788,
6785,
6783,
6780,
6777,
6775,
6772,
6769,
6767,
6764,
6762,
6759,
6756,
6754,
6751,
6748,
6746,
6743,
6741,
6738,
6735,
6733,
6730,
6727,
6725,
6722,
6719,
6717,
6714,
6712,
6709,
6706,
6704,
6701,
6698,
6696,
6693,
6691,
6688,
6685,
6683,
6680,
6677,
6675,
6672,
6670,
6667,
6664,
6662,
6659,
6656,
6654,
6651,
6649,
6646,
6643,
6641,
6638,
6635,
6633,
6630,
6627,
6625,
6622,
6620,
6617,
6614,
6612,
6609,
6606,
6604,
6601,
6599,
6596,
6593,
6591,
6588,
6585,
6583,
6580,
6578,
6575,
6572,
6570,
6567,
6564,
6562,
6559,
6556,
6554,
6551,
6549,
6546,
6543,
6541,
6538,
6535,
6533,
6530,
6528,
6525,
6522,
6520,
6517,
6514,
6512,
6509,
6507,
6504,
6501,
6499,
6496,
6493,
6491,
6488,
6486,
6483,
6480,
6478,
6475,
6472,
6470,
6467,
6464,
6462,
6459,
6457,
6454,
6451,
6449,
6446,
6443,
6441,
6438,
6436,
6433,
6430,
6428,
6425,
6422,
6420,
6417,
6415,
6412,
6409,
6407,
6404,
6401,
6399,
6396,
6394,
6391,
6388,
6386,
6383,
6380,
6378,
6375,
6372,
6370,
6367,
6365,
6362,
6359,
6357,
6354,
6351,
6349,
6346,
6344,
6341,
6338,
6336,
6333,
6330,
6328,
6325,
6323,
6320,
6317,
6315,
6312,
6309,
6307,
6304,
6301,
6299,
6296,
6294,
6291,
6288,
6286,
6283,
6280,
6278,
6275,
6273,
6270,
6267,
6265,
6262,
6259,
6257,
6254,
6252,
6249,
6246,
6244,
6241,
6238,
6236,
6233,
6231,
6228,
6225,
6223,
6220,
6217,
6215,
6212,
6209,
6207,
6204,
6202,
6199,
6196,
6194,
6191,
6188,
6186,
6183,
6181,
6178,
6175,
6173,
6170,
6167,
6165,
6162,
6160,
6157,
6154,
6152,
6149,
6146,
6144,
6141,
6138,
6136,
6133,
6131,
6128,
6125,
6123,
6120,
6117,
6115,
6112,
6110,
6107,
6104,
6102,
6099,
6096,
6094,
6091,
6089,
6086,
6083,
6081,
6078,
6075,
6073,
6070,
6068,
6065,
6062,
6060,
6057,
6054,
6052,
6049,
6046,
6044,
6041,
6039,
6036,
6033,
6031,
6028,
6025,
6023,
6020,
6018,
6015,
6012,
6010,
6007,
6004,
6002,
5999,
5997,
5994,
5991,
5989,
5986,
5983,
5981,
5978,
5976,
5973,
5970,
5968,
5965,
5962,
5960,
5957,
5954,
5952,
5949,
5947,
5944,
5941,
5939,
5936,
5933,
5931,
5928,
5926,
5923,
5920,
5918,
5915,
5912,
5910,
5907,
5905,
5902,
5899,
5897,
5894,
5891,
5889,
5886,
5883,
5881,
5878,
5876,
5873,
5870,
5868,
5865,
5862,
5860,
5857,
5855,
5852,
5849,
5847,
5844,
5841,
5839,
5836,
5834,
5831,
5828,
5826,
5823,
5820,
5818,
5815,
5813,
5810,
5807,
5805,
5802,
5799,
5797,
5794,
5791,
5789,
5786,
5784,
5781,
5778,
5776,
5773,
5770,
5768,
5765,
5763,
5760,
5757,
5755,
5752,
5749,
5747,
5744,
5742,
5739,
5736,
5734,
5731,
5728,
5726,
5723,
5721,
5718,
5715,
5713,
5710,
5707,
5705,
5702,
5699,
5697,
5694,
5692,
5689,
5686,
5684,
5681,
5678,
5676,
5673,
5671,
5668,
5665,
5663,
5660,
5657,
5655,
5652,
5650,
5647,
5644,
5642,
5639,
5636,
5634,
5631,
5628,
5626,
5623,
5621,
5618,
5615,
5613,
5610,
5607,
5605,
5602,
5600,
5597,
5594,
5592,
5589,
5586,
5584,
5581,
5579,
5576,
5573,
5571,
5568,
5565,
5563,
5560,
5558,
5555,
5552,
5550,
5547,
5544,
5542,
5539,
5536,
5534,
5531,
5529,
5526,
5523,
5521,
5518,
5515,
5513,
5510,
5508,
5505,
5502,
5500,
5497,
5494,
5492,
5489,
5487,
5484,
5481,
5479,
5476,
5473,
5471,
5468,
5465,
5463,
5460,
5458,
5455,
5452,
5450,
5447,
5444,
5442,
5439,
5437,
5434,
5431,
5429,
5426,
5423,
5421,
5418,
5416,
5413,
5410,
5408,
5405,
5402,
5400,
5397,
5395,
5392,
5389,
5387,
5384,
5381,
5379,
5376,
5373,
5371,
5368,
5366,
5363,
5360,
5358,
5355,
5352,
5350,
5347,
5345,
5342,
5339,
5337,
5334,
5331,
5329,
5326,
5324,
5321,
5318,
5316,
5313,
5310,
5308,
5305,
5303,
5300,
5297,
5295,
5292,
5289,
5287,
5284,
5281,
5279,
5276,
5274,
5271,
5268,
5266,
5263,
5260,
5258,
5255,
5253,
5250,
5247,
5245,
5242,
5239,
5237,
5234,
5232,
5229,
5226,
5224,
5221,
5218,
5216,
5213,
5210,
5208,
5205,
5203,
5200,
5197,
5195,
5192,
5189,
5187,
5184,
5182,
5179,
5176,
5174,
5171,
5168,
5166,
5163,
5161,
5158,
5155,
5153,
5150,
5147,
5145,
5142,
5140,
5137,
5134,
5132,
5129,
5126,
5124,
5121,
5118,
5116,
5113,
5111,
5108,
5105,
5103,
5100,
5097,
5095,
5092,
5090,
5087,
5084,
5082,
5079,
5076,
5074,
5071,
5069,
5066,
5063,
5061,
5058,
5055,
5053,
5050,
5048,
5045,
5042,
5040,
5037,
5034,
5032,
5029,
5026,
5024,
5021,
5019,
5016,
5013,
5011,
5008,
5005,
5003,
5000,
4998,
4995,
4992,
4990,
4987,
4984,
4982,
4979,
4977,
4974,
4971,
4969,
4966,
4963,
4961,
4958,
4955,
4953,
4950,
4948,
4945,
4942,
4940,
4937,
4934,
4932,
4929,
4927,
4924,
4921,
4919,
4916,
4913,
4911,
4908,
4906,
4903,
4900,
4898,
4895,
4892,
4890,
4887,
4885,
4882,
4879,
4877,
4874,
4871,
4869,
4866,
4863,
4861,
4858,
4856,
4853,
4850,
4848,
4845,
4842,
4840,
4837,
4835,
4832,
4829,
4827,
4824,
4821,
4819,
4816,
4814,
4811,
4808,
4806,
4803,
4800,
4798,
4795,
4792,
4790,
4787,
4785,
4782,
4779,
4777,
4774,
4771,
4769,
4766,
4764,
4761,
4758,
4756,
4753,
4750,
4748,
4745,
4743,
4740,
4737,
4735,
4732,
4729,
4727,
4724,
4722,
4719,
4716,
4714,
4711,
4708,
4706,
4703,
4700,
4698,
4695,
4693,
4690,
4687,
4685,
4682,
4679,
4677,
4674,
4672,
4669,
4666,
4664,
4661,
4658,
4656,
4653,
4651,
4648,
4645,
4643,
4640,
4637,
4635,
4632,
4630,
4627,
4624,
4622,
4619,
4616,
4614,
4611,
4608,
4606,
4603,
4601,
4598,
4595,
4593,
4590,
4587,
4585,
4582,
4580,
4577,
4574,
4572,
4569,
4566,
4564,
4561,
4559,
4556,
4553,
4551,
4548,
4545,
4543,
4540,
4537,
4535,
4532,
4530,
4527,
4524,
4522,
4519,
4516,
4514,
4511,
4509,
4506,
4503,
4501,
4498,
4495,
4493,
4490,
4488,
4485,
4482,
4480,
4477,
4474,
4472,
4469,
4467,
4464,
4461,
4459,
4456,
4453,
4451,
4448,
4445,
4443,
4440,
4438,
4435,
4432,
4430,
4427,
4424,
4422,
4419,
4417,
4414,
4411,
4409,
4406,
4403,
4401,
4398,
4396,
4393,
4390,
4388,
4385,
4382,
4380,
4377,
4374,
4372,
4369,
4367,
4364,
4361,
4359,
4356,
4353,
4351,
4348,
4346,
4343,
4340,
4338,
4335,
4332,
4330,
4327,
4325,
4322,
4319,
4317,
4314,
4311,
4309,
4306,
4304,
4301,
4298,
4296,
4293,
4290,
4288,
4285,
4282,
4280,
4277,
4275,
4272,
4269,
4267,
4264,
4261,
4259,
4256,
4254,
4251,
4248,
4246,
4243,
4240,
4238,
4235,
4233,
4230,
4227,
4225,
4222,
4219,
4217,
4214,
4212,
4209,
4206,
4204,
4201,
4198,
4196,
4193,
4190,
4188,
4185,
4183,
4180,
4177,
4175,
4172,
4169,
4167,
4164,
4162,
4159,
4156,
4154,
4151,
4148,
4146,
4143,
4141,
4138,
4135,
4133,
4130,
4127,
4125,
4122,
4119,
4117,
4114,
4112,
4109,
4106,
4104,
4101,
4098,
4096,
4093,
4091,
4088,
4085,
4083,
4080,
4077,
4075,
4072,
4070,
4067,
4064,
4062,
4059,
4056,
4054,
4051,
4049,
4046,
4043,
4041,
4038,
4035,
4033,
4030,
4027,
4025,
4022,
4020,
4017,
4014,
4012,
4009,
4006,
4004,
4001,
3999,
3996,
3993,
3991,
3988,
3985,
3983,
3980,
3978,
3975,
3972,
3970,
3967,
3964,
3962,
3959,
3957,
3954,
3951,
3949,
3946,
3943,
3941,
3938,
3935,
3933,
3930,
3928,
3925,
3922,
3920,
3917,
3914,
3912,
3909,
3907,
3904,
3901,
3899,
3896,
3893,
3891,
3888,
3886,
3883,
3880,
3878,
3875,
3872,
3870,
3867,
3864,
3862,
3859,
3857,
3854,
3851,
3849,
3846,
3843,
3841,
3838,
3836,
3833,
3830,
3828,
3825,
3822,
3820,
3817,
3815,
3812,
3809,
3807,
3804,
3801,
3799,
3796,
3794,
3791,
3788,
3786,
3783,
3780,
3778,
3775,
3772,
3770,
3767,
3765,
3762,
3759,
3757,
3754,
3751,
3749,
3746,
3744,
3741,
3738,
3736,
3733,
3730,
3728,
3725,
3723,
3720,
3717,
3715,
3712,
3709,
3707,
3704,
3702,
3699,
3696,
3694,
3691,
3688,
3686,
3683,
3680,
3678,
3675,
3673,
3670,
3667,
3665,
3662,
3659,
3657,
3654,
3652,
3649,
3646,
3644,
3641,
3638,
3636,
3633,
3631,
3628,
3625,
3623,
3620,
3617,
3615,
3612,
3609,
3607,
3604,
3602,
3599,
3596,
3594,
3591,
3588,
3586,
3583,
3581,
3578,
3575,
3573,
3570,
3567,
3565,
3562,
3560,
3557,
3554,
3552,
3549,
3546,
3544,
3541,
3539,
3536,
3533,
3531,
3528,
3525,
3523,
3520,
3517,
3515,
3512,
3510,
3507,
3504,
3502,
3499,
3496,
3494,
3491,
3489,
3486,
3483,
3481,
3478,
3475,
3473,
3470,
3468,
3465,
3462,
3460,
3457,
3454,
3452,
3449,
3446,
3444,
3441,
3439,
3436,
3433,
3431,
3428,
3425,
3423,
3420,
3418,
3415,
3412,
3410,
3407,
3404,
3402,
3399,
3397,
3394,
3391,
3389,
3386,
3383,
3381,
3378,
3376,
3373,
3370,
3368,
3365,
3362,
3360,
3357,
3354,
3352,
3349,
3347,
3344,
3341,
3339,
3336,
3333,
3331,
3328,
3326,
3323,
3320,
3318,
3315,
3312,
3310,
3307,
3305,
3302,
3299,
3297,
3294,
3291,
3289,
3286,
3284,
3281,
3278,
3276,
3273,
3270,
3268,
3265,
3262,
3260,
3257,
3255,
3252,
3249,
3247,
3244,
3241,
3239,
3236,
3234,
3231,
3228,
3226,
3223,
3220,
3218,
3215,
3213,
3210,
3207,
3205,
3202,
3199,
3197,
3194,
3191,
3189,
3186,
3184,
3181,
3178,
3176,
3173,
3170,
3168,
3165,
3163,
3160,
3157,
3155,
3152,
3149,
3147,
3144,
3142,
3139,
3136,
3134,
3131,
3128,
3126,
3123,
3121,
3118,
3115,
3113,
3110,
3107,
3105,
3102,
3099,
3097,
3094,
3092,
3089,
3086,
3084,
3081,
3078,
3076,
3073,
3071,
3068,
3065,
3063,
3060,
3057,
3055,
3052,
3050,
3047,
3044,
3042,
3039,
3036,
3034,
3031,
3029,
3026,
3023,
3021,
3018,
3015,
3013,
3010,
3007,
3005,
3002,
3000,
2997,
2994,
2992,
2989,
2986,
2984,
2981,
2979,
2976,
2973,
2971,
2968,
2965,
2963,
2960,
2958,
2955,
2952,
2950,
2947,
2944,
2942,
2939,
2936,
2934,
2931,
2929,
2926,
2923,
2921,
2918,
2915,
2913,
2910,
2908,
2905,
2902,
2900,
2897,
2894,
2892,
2889,
2887,
2884,
2881,
2879,
2876,
2873,
2871,
2868,
2866,
2863,
2860,
2858,
2855,
2852,
2850,
2847,
2844,
2842,
2839,
2837,
2834,
2831,
2829,
2826,
2823,
2821,
2818,
2816,
2813,
2810,
2808,
2805,
2802,
2800,
2797,
2795,
2792,
2789,
2787,
2784,
2781,
2779,
2776,
2773,
2771,
2768,
2766,
2763,
2760,
2758,
2755,
2752,
2750,
2747,
2745,
2742,
2739,
2737,
2734,
2731,
2729,
2726,
2724,
2721,
2718,
2716,
2713,
2710,
2708,
2705,
2703,
2700,
2697,
2695,
2692,
2689,
2687,
2684,
2681,
2679,
2676,
2674,
2671,
2668,
2666,
2663,
2660,
2658,
2655,
2653,
2650,
2647,
2645,
2642,
2639,
2637,
2634,
2632,
2629,
2626,
2624,
2621,
2618,
2616,
2613,
2611,
2608,
2605,
2603,
2600,
2597,
2595,
2592,
2589,
2587,
2584,
2582,
2579,
2576,
2574,
2571,
2568,
2566,
2563,
2561,
2558,
2555,
2553,
2550,
2547,
2545,
2542,
2540,
2537,
2534,
2532,
2529,
2526,
2524,
2521,
2518,
2516,
2513,
2511,
2508,
2505,
2503,
2500,
2497,
2495,
2492,
2490,
2487,
2484,
2482,
2479,
2476,
2474,
2471,
2469,
2466,
2463,
2461,
2458,
2455,
2453,
2450,
2448,
2445,
2442,
2440,
2437,
2434,
2432,
2429,
2426,
2424,
2421,
2419,
2416,
2413,
2411,
2408,
2405,
2403,
2400,
2398,
2395,
2392,
2390,
2387,
2384,
2382,
2379,
2377,
2374,
2371,
2369,
2366,
2363,
2361,
2358,
2355,
2353,
2350,
2348,
2345,
2342,
2340,
2337,
2334,
2332,
2329,
2327,
2324,
2321,
2319,
2316,
2313,
2311,
2308,
2306,
2303,
2300,
2298,
2295,
2292,
2290,
2287,
2285,
2282,
2279,
2277,
2274,
2271,
2269,
2266,
2263,
2261,
2258,
2256,
2253,
2250,
2248,
2245,
2242,
2240,
2237,
2235,
2232,
2229,
2227,
2224,
2221,
2219,
2216,
2214,
2211,
2208,
2206,
2203,
2200,
2198,
2195,
2193,
2190,
2187,
2185,
2182,
2179,
2177,
2174,
2171,
2169,
2166,
2164,
2161,
2158,
2156,
2153,
2150,
2148,
2145,
2143,
2140,
2137,
2135,
2132,
2129,
2127,
2124,
2122,
2119,
2116,
2114,
2111,
2108,
2106,
2103,
2100,
2098,
2095,
2093,
2090,
2087,
2085,
2082,
2079,
2077,
2074,
2072,
2069,
2066,
2064,
2061,
2058,
2056,
2053,
2051,
2048,
2045,
2043,
2040,
2037,
2035,
2032,
2030,
2027,
2024,
2022,
2019,
2016,
2014,
2011,
2008,
2006,
2003,
2001,
1998,
1995,
1993,
1990,
1987,
1985,
1982,
1980,
1977,
1974,
1972,
1969,
1966,
1964,
1961,
1959,
1956,
1953,
1951,
1948,
1945,
1943,
1940,
1938,
1935,
1932,
1930,
1927,
1924,
1922,
1919,
1916,
1914,
1911,
1909,
1906,
1903,
1901,
1898,
1895,
1893,
1890,
1888,
1885,
1882,
1880,
1877,
1874,
1872,
1869,
1867,
1864,
1861,
1859,
1856,
1853,
1851,
1848,
1845,
1843,
1840,
1838,
1835,
1832,
1830,
1827,
1824,
1822,
1819,
1817,
1814,
1811,
1809,
1806,
1803,
1801,
1798,
1796,
1793,
1790,
1788,
1785,
1782,
1780,
1777,
1775,
1772,
1769,
1767,
1764,
1761,
1759,
1756,
1753,
1751,
1748,
1746,
1743,
1740,
1738,
1735,
1732,
1730,
1727,
1725,
1722,
1719,
1717,
1714,
1711,
1709,
1706,
1704,
1701,
1698,
1696,
1693,
1690,
1688,
1685,
1683,
1680,
1677,
1675,
1672,
1669,
1667,
1664,
1661,
1659,
1656,
1654,
1651,
1648,
1646,
1643,
1640,
1638,
1635,
1633,
1630,
1627,
1625,
1622,
1619,
1617,
1614,
1612,
1609,
1606,
1604,
1601,
1598,
1596,
1593,
1590,
1588,
1585,
1583,
1580,
1577,
1575,
1572,
1569,
1567,
1564,
1562,
1559,
1556,
1554,
1551,
1548,
1546,
1543,
1541,
1538,
1535,
1533,
1530,
1527,
1525,
1522,
1520,
1517,
1514,
1512,
1509,
1506,
1504,
1501,
1498,
1496,
1493,
1491,
1488,
1485,
1483,
1480,
1477,
1475,
1472,
1470,
1467,
1464,
1462,
1459,
1456,
1454,
1451,
1449,
1446,
1443,
1441,
1438,
1435,
1433,
1430,
1427,
1425,
1422,
1420,
1417,
1414,
1412,
1409,
1406,
1404,
1401,
1399,
1396,
1393,
1391,
1388,
1385,
1383,
1380,
1378,
1375,
1372,
1370,
1367,
1364,
1362,
1359,
1357,
1354,
1351,
1349,
1346,
1343,
1341,
1338,
1335,
1333,
1330,
1328,
1325,
1322,
1320,
1317,
1314,
1312,
1309,
1307,
1304,
1301,
1299,
1296,
1293,
1291,
1288,
1286,
1283,
1280,
1278,
1275,
1272,
1270,
1267,
1265,
1262,
1259,
1257,
1254,
1251,
1249,
1246,
1243,
1241,
1238,
1236,
1233,
1230,
1228,
1225,
1222,
1220,
1217,
1215,
1212,
1209,
1207,
1204,
1201,
1199,
1196,
1194,
1191,
1188,
1186,
1183,
1180,
1178,
1175,
1172,
1170,
1167,
1165,
1162,
1159,
1157,
1154,
1151,
1149,
1146,
1144,
1141,
1138,
1136,
1133,
1130,
1128,
1125,
1123,
1120,
1117,
1115,
1112,
1109,
1107,
1104,
1102,
1099,
1096,
1094,
1091,
1088,
1086,
1083,
1080,
1078,
1075,
1073,
1070,
1067,
1065,
1062,
1059,
1057,
1054,
1052,
1049,
1046,
1044,
1041,
1038,
1036,
1033,
1031,
1028,
1025,
1023,
1020,
1017,
1015,
1012,
1010,
1007,
1004,
1002,
999,
996,
994,
991,
988,
986,
983,
981,
978,
975,
973,
970,
967,
965,
962,
960,
957,
954,
952,
949,
946,
944,
941,
939,
936,
933,
931,
928,
925,
923,
920,
917,
915,
912,
910,
907,
904,
902,
899,
896,
894,
891,
889,
886,
883,
881,
878,
875,
873,
870,
868,
865,
862,
860,
857,
854,
852,
849,
847,
844,
841,
839,
836,
833,
831,
828,
825,
823,
820,
818,
815,
812,
810,
807,
804,
802,
799,
797,
794,
791,
789,
786,
783,
781,
778,
776,
773,
770,
768,
765,
762,
760,
757,
754,
752,
749,
747,
744,
741,
739,
736,
733,
731,
728,
726,
723,
720,
718,
715,
712,
710,
707,
705,
702,
699,
697,
694,
691,
689,
686,
684,
681,
678,
676,
673,
670,
668,
665,
662,
660,
657,
655,
652,
649,
647,
644,
641,
639,
636,
634,
631,
628,
626,
623,
620,
618,
615,
613,
610,
607,
605,
602,
599,
597,
594,
592,
589,
586,
584,
581,
578,
576,
573,
570,
568,
565,
563,
560,
557,
555,
552,
549,
547,
544,
542,
539,
536,
534,
531,
528,
526,
523,
521,
518,
515,
513,
510,
507,
505,
502,
499,
497,
494,
492,
489,
486,
484,
481,
478,
476,
473,
471,
468,
465,
463,
460,
457,
455,
452,
450,
447,
444,
442,
439,
436,
434,
431,
429,
426,
423,
421,
418,
415,
413,
410,
407,
405,
402,
400,
397,
394,
392,
389,
386,
384,
381,
379,
376,
373,
371,
368,
365,
363,
360,
358,
355,
352,
350,
347,
344,
342,
339,
337,
334,
331,
329,
326,
323,
321,
318,
315,
313,
310,
308,
305,
302,
300,
297,
294,
292,
289,
287,
284,
281,
279,
276,
273,
271,
268,
266,
263,
260,
258,
255,
252,
250,
247,
244,
242,
239,
237,
234,
231,
229,
226,
223,
221,
218,
216,
213,
210,
208,
205,
202,
200,
197,
195,
192,
189,
187,
184,
181,
179,
176,
174,
171,
168,
166,
163,
160,
158,
155,
152,
150,
147,
145,
142,
139,
137,
134,
131,
129,
126,
124,
121,
118,
116,
113,
110,
108,
105,
103,
100,
97,
95,
92,
89,
87,
84,
81,
79,
76,
74,
71,
68,
66,
63,
60,
58,
55,
53,
50,
47,
45,
42,
39,
37,
34,
32,
29,
26,
24,
21,
18,
16,
13,
11,
8,
5,
3,
0,
-3,
-5,
-8,
-11,
-13,
-16,
-18,
-21,
-24,
-26,
-29,
-32,
-34,
-37,
-39,
-42,
-45,
-47,
-50,
-53,
-55,
-58,
-60,
-63,
-66,
-68,
-71,
-74,
-76,
-79,
-81,
-84,
-87,
-89,
-92,
-95,
-97,
-100,
-103,
-105,
-108,
-110,
-113,
-116,
-118,
-121,
-124,
-126,
-129,
-131,
-134,
-137,
-139,
-142,
-145,
-147,
-150,
-152,
-155,
-158,
-160,
-163,
-166,
-168,
-171,
-174,
-176,
-179,
-181,
-184,
-187,
-189,
-192,
-195,
-197,
-200,
-202,
-205,
-208,
-210,
-213,
-216,
-218,
-221,
-223,
-226,
-229,
-231,
-234,
-237,
-239,
-242,
-244,
-247,
-250,
-252,
-255,
-258,
-260,
-263,
-266,
-268,
-271,
-273,
-276,
-279,
-281,
-284,
-287,
-289,
-292,
-294,
-297,
-300,
-302,
-305,
-308,
-310,
-313,
-315,
-318,
-321,
-323,
-326,
-329,
-331,
-334,
-337,
-339,
-342,
-344,
-347,
-350,
-352,
-355,
-358,
-360,
-363,
-365,
-368,
-371,
-373,
-376,
-379,
-381,
-384,
-386,
-389,
-392,
-394,
-397,
-400,
-402,
-405,
-407,
-410,
-413,
-415,
-418,
-421,
-423,
-426,
-429,
-431,
-434,
-436,
-439,
-442,
-444,
-447,
-450,
-452,
-455,
-457,
-460,
-463,
-465,
-468,
-471,
-473,
-476,
-478,
-481,
-484,
-486,
-489,
-492,
-494,
-497,
-499,
-502,
-505,
-507,
-510,
-513,
-515,
-518,
-521,
-523,
-526,
-528,
-531,
-534,
-536,
-539,
-542,
-544,
-547,
-549,
-552,
-555,
-557,
-560,
-563,
-565,
-568,
-570,
-573,
-576,
-578,
-581,
-584,
-586,
-589,
-592,
-594,
-597,
-599,
-602,
-605,
-607,
-610,
-613,
-615,
-618,
-620,
-623,
-626,
-628,
-631,
-634,
-636,
-639,
-641,
-644,
-647,
-649,
-652,
-655,
-657,
-660,
-662,
-665,
-668,
-670,
-673,
-676,
-678,
-681,
-684,
-686,
-689,
-691,
-694,
-697,
-699,
-702,
-705,
-707,
-710,
-712,
-715,
-718,
-720,
-723,
-726,
-728,
-731,
-733,
-736,
-739,
-741,
-744,
-747,
-749,
-752,
-754,
-757,
-760,
-762,
-765,
-768,
-770,
-773,
-776,
-778,
-781,
-783,
-786,
-789,
-791,
-794,
-797,
-799,
-802,
-804,
-807,
-810,
-812,
-815,
-818,
-820,
-823,
-825,
-828,
-831,
-833,
-836,
-839,
-841,
-844,
-847,
-849,
-852,
-854,
-857,
-860,
-862,
-865,
-868,
-870,
-873,
-875,
-878,
-881,
-883,
-886,
-889,
-891,
-894,
-896,
-899,
-902,
-904,
-907,
-910,
-912,
-915,
-917,
-920,
-923,
-925,
-928,
-931,
-933,
-936,
-939,
-941,
-944,
-946,
-949,
-952,
-954,
-957,
-960,
-962,
-965,
-967,
-970,
-973,
-975,
-978,
-981,
-983,
-986,
-988,
-991,
-994,
-996,
-999,
-1002,
-1004,
-1007,
-1010,
-1012,
-1015,
-1017,
-1020,
-1023,
-1025,
-1028,
-1031,
-1033,
-1036,
-1038,
-1041,
-1044,
-1046,
-1049,
-1052,
-1054,
-1057,
-1059,
-1062,
-1065,
-1067,
-1070,
-1073,
-1075,
-1078,
-1080,
-1083,
-1086,
-1088,
-1091,
-1094,
-1096,
-1099,
-1102,
-1104,
-1107,
-1109,
-1112,
-1115,
-1117,
-1120,
-1123,
-1125,
-1128,
-1130,
-1133,
-1136,
-1138,
-1141,
-1144,
-1146,
-1149,
-1151,
-1154,
-1157,
-1159,
-1162,
-1165,
-1167,
-1170,
-1172,
-1175,
-1178,
-1180,
-1183,
-1186,
-1188,
-1191,
-1194,
-1196,
-1199,
-1201,
-1204,
-1207,
-1209,
-1212,
-1215,
-1217,
-1220,
-1222,
-1225,
-1228,
-1230,
-1233,
-1236,
-1238,
-1241,
-1243,
-1246,
-1249,
-1251,
-1254,
-1257,
-1259,
-1262,
-1265,
-1267,
-1270,
-1272,
-1275,
-1278,
-1280,
-1283,
-1286,
-1288,
-1291,
-1293,
-1296,
-1299,
-1301,
-1304,
-1307,
-1309,
-1312,
-1314,
-1317,
-1320,
-1322,
-1325,
-1328,
-1330,
-1333,
-1335,
-1338,
-1341,
-1343,
-1346,
-1349,
-1351,
-1354,
-1357,
-1359,
-1362,
-1364,
-1367,
-1370,
-1372,
-1375,
-1378,
-1380,
-1383,
-1385,
-1388,
-1391,
-1393,
-1396,
-1399,
-1401,
-1404,
-1406,
-1409,
-1412,
-1414,
-1417,
-1420,
-1422,
-1425,
-1427,
-1430,
-1433,
-1435,
-1438,
-1441,
-1443,
-1446,
-1449,
-1451,
-1454,
-1456,
-1459,
-1462,
-1464,
-1467,
-1470,
-1472,
-1475,
-1477,
-1480,
-1483,
-1485,
-1488,
-1491,
-1493,
-1496,
-1498,
-1501,
-1504,
-1506,
-1509,
-1512,
-1514,
-1517,
-1520,
-1522,
-1525,
-1527,
-1530,
-1533,
-1535,
-1538,
-1541,
-1543,
-1546,
-1548,
-1551,
-1554,
-1556,
-1559,
-1562,
-1564,
-1567,
-1569,
-1572,
-1575,
-1577,
-1580,
-1583,
-1585,
-1588,
-1590,
-1593,
-1596,
-1598,
-1601,
-1604,
-1606,
-1609,
-1612,
-1614,
-1617,
-1619,
-1622,
-1625,
-1627,
-1630,
-1633,
-1635,
-1638,
-1640,
-1643,
-1646,
-1648,
-1651,
-1654,
-1656,
-1659,
-1661,
-1664,
-1667,
-1669,
-1672,
-1675,
-1677,
-1680,
-1683,
-1685,
-1688,
-1690,
-1693,
-1696,
-1698,
-1701,
-1704,
-1706,
-1709,
-1711,
-1714,
-1717,
-1719,
-1722,
-1725,
-1727,
-1730,
-1732,
-1735,
-1738,
-1740,
-1743,
-1746,
-1748,
-1751,
-1753,
-1756,
-1759,
-1761,
-1764,
-1767,
-1769,
-1772,
-1775,
-1777,
-1780,
-1782,
-1785,
-1788,
-1790,
-1793,
-1796,
-1798,
-1801,
-1803,
-1806,
-1809,
-1811,
-1814,
-1817,
-1819,
-1822,
-1824,
-1827,
-1830,
-1832,
-1835,
-1838,
-1840,
-1843,
-1845,
-1848,
-1851,
-1853,
-1856,
-1859,
-1861,
-1864,
-1867,
-1869,
-1872,
-1874,
-1877,
-1880,
-1882,
-1885,
-1888,
-1890,
-1893,
-1895,
-1898,
-1901,
-1903,
-1906,
-1909,
-1911,
-1914,
-1916,
-1919,
-1922,
-1924,
-1927,
-1930,
-1932,
-1935,
-1938,
-1940,
-1943,
-1945,
-1948,
-1951,
-1953,
-1956,
-1959,
-1961,
-1964,
-1966,
-1969,
-1972,
-1974,
-1977,
-1980,
-1982,
-1985,
-1987,
-1990,
-1993,
-1995,
-1998,
-2001,
-2003,
-2006,
-2008,
-2011,
-2014,
-2016,
-2019,
-2022,
-2024,
-2027,
-2030,
-2032,
-2035,
-2037,
-2040,
-2043,
-2045,
-2048,
-2051,
-2053,
-2056,
-2058,
-2061,
-2064,
-2066,
-2069,
-2072,
-2074,
-2077,
-2079,
-2082,
-2085,
-2087,
-2090,
-2093,
-2095,
-2098,
-2100,
-2103,
-2106,
-2108,
-2111,
-2114,
-2116,
-2119,
-2122,
-2124,
-2127,
-2129,
-2132,
-2135,
-2137,
-2140,
-2143,
-2145,
-2148,
-2150,
-2153,
-2156,
-2158,
-2161,
-2164,
-2166,
-2169,
-2171,
-2174,
-2177,
-2179,
-2182,
-2185,
-2187,
-2190,
-2193,
-2195,
-2198,
-2200,
-2203,
-2206,
-2208,
-2211,
-2214,
-2216,
-2219,
-2221,
-2224,
-2227,
-2229,
-2232,
-2235,
-2237,
-2240,
-2242,
-2245,
-2248,
-2250,
-2253,
-2256,
-2258,
-2261,
-2263,
-2266,
-2269,
-2271,
-2274,
-2277,
-2279,
-2282,
-2285,
-2287,
-2290,
-2292,
-2295,
-2298,
-2300,
-2303,
-2306,
-2308,
-2311,
-2313,
-2316,
-2319,
-2321,
-2324,
-2327,
-2329,
-2332,
-2334,
-2337,
-2340,
-2342,
-2345,
-2348,
-2350,
-2353,
-2356,
-2358,
-2361,
-2363,
-2366,
-2369,
-2371,
-2374,
-2377,
-2379,
-2382,
-2384,
-2387,
-2390,
-2392,
-2395,
-2398,
-2400,
-2403,
-2405,
-2408,
-2411,
-2413,
-2416,
-2419,
-2421,
-2424,
-2426,
-2429,
-2432,
-2434,
-2437,
-2440,
-2442,
-2445,
-2448,
-2450,
-2453,
-2455,
-2458,
-2461,
-2463,
-2466,
-2469,
-2471,
-2474,
-2476,
-2479,
-2482,
-2484,
-2487,
-2490,
-2492,
-2495,
-2497,
-2500,
-2503,
-2505,
-2508,
-2511,
-2513,
-2516,
-2518,
-2521,
-2524,
-2526,
-2529,
-2532,
-2534,
-2537,
-2540,
-2542,
-2545,
-2547,
-2550,
-2553,
-2555,
-2558,
-2561,
-2563,
-2566,
-2568,
-2571,
-2574,
-2576,
-2579,
-2582,
-2584,
-2587,
-2589,
-2592,
-2595,
-2597,
-2600,
-2603,
-2605,
-2608,
-2611,
-2613,
-2616,
-2618,
-2621,
-2624,
-2626,
-2629,
-2632,
-2634,
-2637,
-2639,
-2642,
-2645,
-2647,
-2650,
-2653,
-2655,
-2658,
-2660,
-2663,
-2666,
-2668,
-2671,
-2674,
-2676,
-2679,
-2681,
-2684,
-2687,
-2689,
-2692,
-2695,
-2697,
-2700,
-2703,
-2705,
-2708,
-2710,
-2713,
-2716,
-2718,
-2721,
-2724,
-2726,
-2729,
-2731,
-2734,
-2737,
-2739,
-2742,
-2745,
-2747,
-2750,
-2752,
-2755,
-2758,
-2760,
-2763,
-2766,
-2768,
-2771,
-2773,
-2776,
-2779,
-2781,
-2784,
-2787,
-2789,
-2792,
-2795,
-2797,
-2800,
-2802,
-2805,
-2808,
-2810,
-2813,
-2816,
-2818,
-2821,
-2823,
-2826,
-2829,
-2831,
-2834,
-2837,
-2839,
-2842,
-2844,
-2847,
-2850,
-2852,
-2855,
-2858,
-2860,
-2863,
-2866,
-2868,
-2871,
-2873,
-2876,
-2879,
-2881,
-2884,
-2887,
-2889,
-2892,
-2894,
-2897,
-2900,
-2902,
-2905,
-2908,
-2910,
-2913,
-2915,
-2918,
-2921,
-2923,
-2926,
-2929,
-2931,
-2934,
-2936,
-2939,
-2942,
-2944,
-2947,
-2950,
-2952,
-2955,
-2958,
-2960,
-2963,
-2965,
-2968,
-2971,
-2973,
-2976,
-2979,
-2981,
-2984,
-2986,
-2989,
-2992,
-2994,
-2997,
-3000,
-3002,
-3005,
-3007,
-3010,
-3013,
-3015,
-3018,
-3021,
-3023,
-3026,
-3029,
-3031,
-3034,
-3036,
-3039,
-3042,
-3044,
-3047,
-3050,
-3052,
-3055,
-3057,
-3060,
-3063,
-3065,
-3068,
-3071,
-3073,
-3076,
-3078,
-3081,
-3084,
-3086,
-3089,
-3092,
-3094,
-3097,
-3099,
-3102,
-3105,
-3107,
-3110,
-3113,
-3115,
-3118,
-3121,
-3123,
-3126,
-3128,
-3131,
-3134,
-3136,
-3139,
-3142,
-3144,
-3147,
-3149,
-3152,
-3155,
-3157,
-3160,
-3163,
-3165,
-3168,
-3170,
-3173,
-3176,
-3178,
-3181,
-3184,
-3186,
-3189,
-3191,
-3194,
-3197,
-3199,
-3202,
-3205,
-3207,
-3210,
-3213,
-3215,
-3218,
-3220,
-3223,
-3226,
-3228,
-3231,
-3234,
-3236,
-3239,
-3241,
-3244,
-3247,
-3249,
-3252,
-3255,
-3257,
-3260,
-3262,
-3265,
-3268,
-3270,
-3273,
-3276,
-3278,
-3281,
-3284,
-3286,
-3289,
-3291,
-3294,
-3297,
-3299,
-3302,
-3305,
-3307,
-3310,
-3312,
-3315,
-3318,
-3320,
-3323,
-3326,
-3328,
-3331,
-3333,
-3336,
-3339,
-3341,
-3344,
-3347,
-3349,
-3352,
-3354,
-3357,
-3360,
-3362,
-3365,
-3368,
-3370,
-3373,
-3376,
-3378,
-3381,
-3383,
-3386,
-3389,
-3391,
-3394,
-3397,
-3399,
-3402,
-3404,
-3407,
-3410,
-3412,
-3415,
-3418,
-3420,
-3423,
-3425,
-3428,
-3431,
-3433,
-3436,
-3439,
-3441,
-3444,
-3446,
-3449,
-3452,
-3454,
-3457,
-3460,
-3462,
-3465,
-3468,
-3470,
-3473,
-3475,
-3478,
-3481,
-3483,
-3486,
-3489,
-3491,
-3494,
-3496,
-3499,
-3502,
-3504,
-3507,
-3510,
-3512,
-3515,
-3517,
-3520,
-3523,
-3525,
-3528,
-3531,
-3533,
-3536,
-3539,
-3541,
-3544,
-3546,
-3549,
-3552,
-3554,
-3557,
-3560,
-3562,
-3565,
-3567,
-3570,
-3573,
-3575,
-3578,
-3581,
-3583,
-3586,
-3588,
-3591,
-3594,
-3596,
-3599,
-3602,
-3604,
-3607,
-3609,
-3612,
-3615,
-3617,
-3620,
-3623,
-3625,
-3628,
-3631,
-3633,
-3636,
-3638,
-3641,
-3644,
-3646,
-3649,
-3652,
-3654,
-3657,
-3659,
-3662,
-3665,
-3667,
-3670,
-3673,
-3675,
-3678,
-3680,
-3683,
-3686,
-3688,
-3691,
-3694,
-3696,
-3699,
-3702,
-3704,
-3707,
-3709,
-3712,
-3715,
-3717,
-3720,
-3723,
-3725,
-3728,
-3730,
-3733,
-3736,
-3738,
-3741,
-3744,
-3746,
-3749,
-3751,
-3754,
-3757,
-3759,
-3762,
-3765,
-3767,
-3770,
-3772,
-3775,
-3778,
-3780,
-3783,
-3786,
-3788,
-3791,
-3794,
-3796,
-3799,
-3801,
-3804,
-3807,
-3809,
-3812,
-3815,
-3817,
-3820,
-3822,
-3825,
-3828,
-3830,
-3833,
-3836,
-3838,
-3841,
-3843,
-3846,
-3849,
-3851,
-3854,
-3857,
-3859,
-3862,
-3864,
-3867,
-3870,
-3872,
-3875,
-3878,
-3880,
-3883,
-3886,
-3888,
-3891,
-3893,
-3896,
-3899,
-3901,
-3904,
-3907,
-3909,
-3912,
-3914,
-3917,
-3920,
-3922,
-3925,
-3928,
-3930,
-3933,
-3935,
-3938,
-3941,
-3943,
-3946,
-3949,
-3951,
-3954,
-3957,
-3959,
-3962,
-3964,
-3967,
-3970,
-3972,
-3975,
-3978,
-3980,
-3983,
-3985,
-3988,
-3991,
-3993,
-3996,
-3999,
-4001,
-4004,
-4006,
-4009,
-4012,
-4014,
-4017,
-4020,
-4022,
-4025,
-4027,
-4030,
-4033,
-4035,
-4038,
-4041,
-4043,
-4046,
-4049,
-4051,
-4054,
-4056,
-4059,
-4062,
-4064,
-4067,
-4070,
-4072,
-4075,
-4077,
-4080,
-4083,
-4085,
-4088,
-4091,
-4093,
-4096,
-4098,
-4101,
-4104,
-4106,
-4109,
-4112,
-4114,
-4117,
-4119,
-4122,
-4125,
-4127,
-4130,
-4133,
-4135,
-4138,
-4141,
-4143,
-4146,
-4148,
-4151,
-4154,
-4156,
-4159,
-4162,
-4164,
-4167,
-4169,
-4172,
-4175,
-4177,
-4180,
-4183,
-4185,
-4188,
-4190,
-4193,
-4196,
-4198,
-4201,
-4204,
-4206,
-4209,
-4212,
-4214,
-4217,
-4219,
-4222,
-4225,
-4227,
-4230,
-4233,
-4235,
-4238,
-4240,
-4243,
-4246,
-4248,
-4251,
-4254,
-4256,
-4259,
-4261,
-4264,
-4267,
-4269,
-4272,
-4275,
-4277,
-4280,
-4282,
-4285,
-4288,
-4290,
-4293,
-4296,
-4298,
-4301,
-4304,
-4306,
-4309,
-4311,
-4314,
-4317,
-4319,
-4322,
-4325,
-4327,
-4330,
-4332,
-4335,
-4338,
-4340,
-4343,
-4346,
-4348,
-4351,
-4353,
-4356,
-4359,
-4361,
-4364,
-4367,
-4369,
-4372,
-4375,
-4377,
-4380,
-4382,
-4385,
-4388,
-4390,
-4393,
-4396,
-4398,
-4401,
-4403,
-4406,
-4409,
-4411,
-4414,
-4417,
-4419,
-4422,
-4424,
-4427,
-4430,
-4432,
-4435,
-4438,
-4440,
-4443,
-4445,
-4448,
-4451,
-4453,
-4456,
-4459,
-4461,
-4464,
-4467,
-4469,
-4472,
-4474,
-4477,
-4480,
-4482,
-4485,
-4488,
-4490,
-4493,
-4495,
-4498,
-4501,
-4503,
-4506,
-4509,
-4511,
-4514,
-4516,
-4519,
-4522,
-4524,
-4527,
-4530,
-4532,
-4535,
-4537,
-4540,
-4543,
-4545,
-4548,
-4551,
-4553,
-4556,
-4559,
-4561,
-4564,
-4566,
-4569,
-4572,
-4574,
-4577,
-4580,
-4582,
-4585,
-4587,
-4590,
-4593,
-4595,
-4598,
-4601,
-4603,
-4606,
-4608,
-4611,
-4614,
-4616,
-4619,
-4622,
-4624,
-4627,
-4630,
-4632,
-4635,
-4637,
-4640,
-4643,
-4645,
-4648,
-4651,
-4653,
-4656,
-4658,
-4661,
-4664,
-4666,
-4669,
-4672,
-4674,
-4677,
-4679,
-4682,
-4685,
-4687,
-4690,
-4693,
-4695,
-4698,
-4700,
-4703,
-4706,
-4708,
-4711,
-4714,
-4716,
-4719,
-4722,
-4724,
-4727,
-4729,
-4732,
-4735,
-4737,
-4740,
-4743,
-4745,
-4748,
-4750,
-4753,
-4756,
-4758,
-4761,
-4764,
-4766,
-4769,
-4771,
-4774,
-4777,
-4779,
-4782,
-4785,
-4787,
-4790,
-4792,
-4795,
-4798,
-4800,
-4803,
-4806,
-4808,
-4811,
-4814,
-4816,
-4819,
-4821,
-4824,
-4827,
-4829,
-4832,
-4835,
-4837,
-4840,
-4842,
-4845,
-4848,
-4850,
-4853,
-4856,
-4858,
-4861,
-4863,
-4866,
-4869,
-4871,
-4874,
-4877,
-4879,
-4882,
-4885,
-4887,
-4890,
-4892,
-4895,
-4898,
-4900,
-4903,
-4906,
-4908,
-4911,
-4913,
-4916,
-4919,
-4921,
-4924,
-4927,
-4929,
-4932,
-4934,
-4937,
-4940,
-4942,
-4945,
-4948,
-4950,
-4953,
-4955,
-4958,
-4961,
-4963,
-4966,
-4969,
-4971,
-4974,
-4977,
-4979,
-4982,
-4984,
-4987,
-4990,
-4992,
-4995,
-4998,
-5000,
-5003,
-5005,
-5008,
-5011,
-5013,
-5016,
-5019,
-5021,
-5024,
-5026,
-5029,
-5032,
-5034,
-5037,
-5040,
-5042,
-5045,
-5048,
-5050,
-5053,
-5055,
-5058,
-5061,
-5063,
-5066,
-5069,
-5071,
-5074,
-5076,
-5079,
-5082,
-5084,
-5087,
-5090,
-5092,
-5095,
-5097,
-5100,
-5103,
-5105,
-5108,
-5111,
-5113,
-5116,
-5118,
-5121,
-5124,
-5126,
-5129,
-5132,
-5134,
-5137,
-5140,
-5142,
-5145,
-5147,
-5150,
-5153,
-5155,
-5158,
-5161,
-5163,
-5166,
-5168,
-5171,
-5174,
-5176,
-5179,
-5182,
-5184,
-5187,
-5189,
-5192,
-5195,
-5197,
-5200,
-5203,
-5205,
-5208,
-5210,
-5213,
-5216,
-5218,
-5221,
-5224,
-5226,
-5229,
-5232,
-5234,
-5237,
-5239,
-5242,
-5245,
-5247,
-5250,
-5253,
-5255,
-5258,
-5260,
-5263,
-5266,
-5268,
-5271,
-5274,
-5276,
-5279,
-5281,
-5284,
-5287,
-5289,
-5292,
-5295,
-5297,
-5300,
-5303,
-5305,
-5308,
-5310,
-5313,
-5316,
-5318,
-5321,
-5324,
-5326,
-5329,
-5331,
-5334,
-5337,
-5339,
-5342,
-5345,
-5347,
-5350,
-5352,
-5355,
-5358,
-5360,
-5363,
-5366,
-5368,
-5371,
-5373,
-5376,
-5379,
-5381,
-5384,
-5387,
-5389,
-5392,
-5395,
-5397,
-5400,
-5402,
-5405,
-5408,
-5410,
-5413,
-5416,
-5418,
-5421,
-5423,
-5426,
-5429,
-5431,
-5434,
-5437,
-5439,
-5442,
-5444,
-5447,
-5450,
-5452,
-5455,
-5458,
-5460,
-5463,
-5465,
-5468,
-5471,
-5473,
-5476,
-5479,
-5481,
-5484,
-5487,
-5489,
-5492,
-5494,
-5497,
-5500,
-5502,
-5505,
-5508,
-5510,
-5513,
-5515,
-5518,
-5521,
-5523,
-5526,
-5529,
-5531,
-5534,
-5536,
-5539,
-5542,
-5544,
-5547,
-5550,
-5552,
-5555,
-5558,
-5560,
-5563,
-5565,
-5568,
-5571,
-5573,
-5576,
-5579,
-5581,
-5584,
-5586,
-5589,
-5592,
-5594,
-5597,
-5600,
-5602,
-5605,
-5607,
-5610,
-5613,
-5615,
-5618,
-5621,
-5623,
-5626,
-5628,
-5631,
-5634,
-5636,
-5639,
-5642,
-5644,
-5647,
-5650,
-5652,
-5655,
-5657,
-5660,
-5663,
-5665,
-5668,
-5671,
-5673,
-5676,
-5678,
-5681,
-5684,
-5686,
-5689,
-5692,
-5694,
-5697,
-5699,
-5702,
-5705,
-5707,
-5710,
-5713,
-5715,
-5718,
-5721,
-5723,
-5726,
-5728,
-5731,
-5734,
-5736,
-5739,
-5742,
-5744,
-5747,
-5749,
-5752,
-5755,
-5757,
-5760,
-5763,
-5765,
-5768,
-5770,
-5773,
-5776,
-5778,
-5781,
-5784,
-5786,
-5789,
-5791,
-5794,
-5797,
-5799,
-5802,
-5805,
-5807,
-5810,
-5813,
-5815,
-5818,
-5820,
-5823,
-5826,
-5828,
-5831,
-5834,
-5836,
-5839,
-5841,
-5844,
-5847,
-5849,
-5852,
-5855,
-5857,
-5860,
-5862,
-5865,
-5868,
-5870,
-5873,
-5876,
-5878,
-5881,
-5883,
-5886,
-5889,
-5891,
-5894,
-5897,
-5899,
-5902,
-5905,
-5907,
-5910,
-5912,
-5915,
-5918,
-5920,
-5923,
-5926,
-5928,
-5931,
-5933,
-5936,
-5939,
-5941,
-5944,
-5947,
-5949,
-5952,
-5954,
-5957,
-5960,
-5962,
-5965,
-5968,
-5970,
-5973,
-5976,
-5978,
-5981,
-5983,
-5986,
-5989,
-5991,
-5994,
-5997,
-5999,
-6002,
-6004,
-6007,
-6010,
-6012,
-6015,
-6018,
-6020,
-6023,
-6025,
-6028,
-6031,
-6033,
-6036,
-6039,
-6041,
-6044,
-6046,
-6049,
-6052,
-6054,
-6057,
-6060,
-6062,
-6065,
-6068,
-6070,
-6073,
-6075,
-6078,
-6081,
-6083,
-6086,
-6089,
-6091,
-6094,
-6096,
-6099,
-6102,
-6104,
-6107,
-6110,
-6112,
-6115,
-6117,
-6120,
-6123,
-6125,
-6128,
-6131,
-6133,
-6136,
-6138,
-6141,
-6144,
-6146,
-6149,
-6152,
-6154,
-6157,
-6160,
-6162,
-6165,
-6167,
-6170,
-6173,
-6175,
-6178,
-6181,
-6183,
-6186,
-6188,
-6191,
-6194,
-6196,
-6199,
-6202,
-6204,
-6207,
-6209,
-6212,
-6215,
-6217,
-6220,
-6223,
-6225,
-6228,
-6231,
-6233,
-6236,
-6238,
-6241,
-6244,
-6246,
-6249,
-6252,
-6254,
-6257,
-6259,
-6262,
-6265,
-6267,
-6270,
-6273,
-6275,
-6278,
-6280,
-6283,
-6286,
-6288,
-6291,
-6294,
-6296,
-6299,
-6301,
-6304,
-6307,
-6309,
-6312,
-6315,
-6317,
-6320,
-6323,
-6325,
-6328,
-6330,
-6333,
-6336,
-6338,
-6341,
-6344,
-6346,
-6349,
-6351,
-6354,
-6357,
-6359,
-6362,
-6365,
-6367,
-6370,
-6372,
-6375,
-6378,
-6380,
-6383,
-6386,
-6388,
-6391,
-6394,
-6396,
-6399,
-6401,
-6404,
-6407,
-6409,
-6412,
-6415,
-6417,
-6420,
-6422,
-6425,
-6428,
-6430,
-6433,
-6436,
-6438,
-6441,
-6443,
-6446,
-6449,
-6451,
-6454,
-6457,
-6459,
-6462,
-6464,
-6467,
-6470,
-6472,
-6475,
-6478,
-6480,
-6483,
-6486,
-6488,
-6491,
-6493,
-6496,
-6499,
-6501,
-6504,
-6507,
-6509,
-6512,
-6514,
-6517,
-6520,
-6522,
-6525,
-6528,
-6530,
-6533,
-6535,
-6538,
-6541,
-6543,
-6546,
-6549,
-6551,
-6554,
-6556,
-6559,
-6562,
-6564,
-6567,
-6570,
-6572,
-6575,
-6578,
-6580,
-6583,
-6585,
-6588,
-6591,
-6593,
-6596,
-6599,
-6601,
-6604,
-6606,
-6609,
-6612,
-6614,
-6617,
-6620,
-6622,
-6625,
-6627,
-6630,
-6633,
-6635,
-6638,
-6641,
-6643,
-6646,
-6649,
-6651,
-6654,
-6656,
-6659,
-6662,
-6664,
-6667,
-6670,
-6672,
-6675,
-6677,
-6680,
-6683,
-6685,
-6688,
-6691,
-6693,
-6696,
-6698,
-6701,
-6704,
-6706,
-6709,
-6712,
-6714,
-6717,
-6719,
-6722,
-6725,
-6727,
-6730,
-6733,
-6735,
-6738,
-6741,
-6743,
-6746,
-6748,
-6751,
-6754,
-6756,
-6759,
-6762,
-6764,
-6767,
-6769,
-6772,
-6775,
-6777,
-6780,
-6783,
-6785,
-6788,
-6790,
-6793,
-6796,
-6798,
-6801,
-6804,
-6806,
-6809,
-6811,
-6814,
-6817,
-6819,
-6822,
-6825,
-6827,
-6830,
-6833,
-6835,
-6838,
-6840,
-6843,
-6846,
-6848,
-6851,
-6854,
-6856,
-6859,
-6861,
-6864,
-6867,
-6869,
-6872,
-6875,
-6877,
-6880,
-6882,
-6885,
-6888,
-6890,
-6893,
-6896,
-6898,
-6901,
-6904,
-6906,
-6909,
-6911,
-6914,
-6917,
-6919,
-6922,
-6925,
-6927,
-6930,
-6932,
-6935,
-6938,
-6940,
-6943,
-6946,
-6948,
-6951,
-6953,
-6956,
-6959,
-6961,
-6964,
-6967,
-6969,
-6972,
-6974,
-6977,
-6980,
-6982,
-6985,
-6988,
-6990,
-6993,
-6996,
-6998,
-7001,
-7003,
-7006,
-7009,
-7011,
-7014,
-7017,
-7019,
-7022,
-7024,
-7027,
-7030,
-7032,
-7035,
-7038,
-7040,
-7043,
-7045,
-7048,
-7051,
-7053,
-7056,
-7059,
-7061,
-7064,
-7067,
-7069,
-7072,
-7074,
-7077,
-7080,
-7082,
-7085,
-7088,
-7090,
-7093,
-7095,
-7098,
-7101,
-7103,
-7106,
-7109,
-7111,
-7114,
-7116,
-7119,
-7122,
-7124,
-7127,
-7130,
-7132,
-7135,
-7137,
-7140,
-7143,
-7145,
-7148,
-7151,
-7153,
-7156,
-7159,
-7161,
-7164,
-7166,
-7169,
-7172,
-7174,
-7177,
-7180,
-7182,
-7185,
-7187,
-7190,
-7193,
-7195,
-7198,
-7201,
-7203,
-7206,
-7208,
-7211,
-7214,
-7216,
-7219,
-7222,
-7224,
-7227,
-7229,
-7232,
-7235,
-7237,
-7240,
-7243,
-7245,
-7248,
-7251,
-7253,
-7256,
-7258,
-7261,
-7264,
-7266,
-7269,
-7272,
-7274,
-7277,
-7279,
-7282,
-7285,
-7287,
-7290,
-7293,
-7295,
-7298,
-7300,
-7303,
-7306,
-7308,
-7311,
-7314,
-7316,
-7319,
-7322,
-7324,
-7327,
-7329,
-7332,
-7335,
-7337,
-7340,
-7343,
-7345,
-7348,
-7350,
-7353,
-7356,
-7358,
-7361,
-7364,
-7366,
-7369,
-7371,
-7374,
-7377,
-7379,
-7382,
-7385,
-7387,
-7390,
-7392,
-7395,
-7398,
-7400,
-7403,
-7406,
-7408,
-7411,
-7414,
-7416,
-7419,
-7421,
-7424,
-7427,
-7429,
-7432,
-7435,
-7437,
-7440,
-7442,
-7445,
-7448,
-7450,
-7453,
-7456,
-7458,
-7461,
-7463,
-7466,
-7469,
-7471,
-7474,
-7477,
-7479,
-7482,
-7484,
-7487,
-7490,
-7492,
-7495,
-7498,
-7500,
-7503,
-7506,
-7508,
-7511,
-7513,
-7516,
-7519,
-7521,
-7524,
-7527,
-7529,
-7532,
-7534,
-7537,
-7540,
-7542,
-7545,
-7548,
-7550,
-7553,
-7555,
-7558,
-7561,
-7563,
-7566,
-7569,
-7571,
-7574,
-7577,
-7579,
-7582,
-7584,
-7587,
-7590,
-7592,
-7595,
-7598,
-7600,
-7603,
-7605,
-7608,
-7611,
-7613,
-7616,
-7619,
-7621,
-7624,
-7626,
-7629,
-7632,
-7634,
-7637,
-7640,
-7642,
-7645,
-7647,
-7650,
-7653,
-7655,
-7658,
-7661,
-7663,
-7666,
-7669,
-7671,
-7674,
-7676,
-7679,
-7682,
-7684,
-7687,
-7690,
-7692,
-7695,
-7697,
-7700,
-7703,
-7705,
-7708,
-7711,
-7713,
-7716,
-7718,
-7721,
-7724,
-7726,
-7729,
-7732,
-7734,
-7737,
-7740,
-7742,
-7745,
-7747,
-7750,
-7753,
-7755,
-7758,
-7761,
-7763,
-7766,
-7768,
-7771,
-7774,
-7776,
-7779,
-7782,
-7784,
-7787,
-7789,
-7792,
-7795,
-7797,
-7800,
-7803,
-7805,
-7808,
-7810,
-7813,
-7816,
-7818,
-7821,
-7824,
-7826,
-7829,
-7832,
-7834,
-7837,
-7839,
-7842,
-7845,
-7847,
-7850,
-7853,
-7855,
-7858,
-7860,
-7863,
-7866,
-7868,
-7871,
-7874,
-7876,
-7879,
-7881,
-7884,
-7887,
-7889,
-7892,
-7895,
-7897,
-7900,
-7902,
-7905,
-7908,
-7910,
-7913,
-7916,
-7918,
-7921,
-7924,
-7926,
-7929,
-7931,
-7934,
-7937,
-7939,
-7942,
-7945,
-7947,
-7950,
-7952,
-7955,
-7958,
-7960,
-7963,
-7966,
-7968,
-7971,
-7973,
-7976,
-7979,
-7981,
-7984,
-7987,
-7989,
-7992,
-7995,
-7997,
-8000,
-8002,
-8005,
-8008,
-8010,
-8013,
-8016,
-8018,
-8021,
-8023,
-8026,
-8029,
-8031,
-8034,
-8037,
-8039,
-8042,
-8044,
-8047,
-8050,
-8052,
-8055,
-8058,
-8060,
-8063,
-8065,
-8068,
-8071,
-8073,
-8076,
-8079,
-8081,
-8084,
-8087,
-8089,
-8092,
-8094,
-8097,
-8100,
-8102,
-8105,
-8108,
-8110,
-8113,
-8115,
-8118,
-8121,
-8123,
-8126,
-8129,
-8131,
-8134,
-8136,
-8139,
-8142,
-8144,
-8147,
-8150,
-8152,
-8155,
-8157,
-8160,
-8163,
-8165,
-8168,
-8171,
-8173,
-8176,
-8179,
-8181,
-8184,
-8186,
-8189,
-8192,
-8194,
-8197,
-8200,
-8202,
-8205,
-8207,
-8210,
-8213,
-8215,
-8218,
-8221,
-8223,
-8226,
-8228,
-8231,
-8234,
-8236,
-8239,
-8242,
-8244,
-8247,
-8250,
-8252,
-8255,
-8257,
-8260,
-8263,
-8265,
-8268,
-8271,
-8273,
-8276,
-8278,
-8281,
-8284,
-8286,
-8289,
-8292,
-8294,
-8297,
-8299,
-8302,
-8305,
-8307,
-8310,
-8313,
-8315,
-8318,
-8320,
-8323,
-8326,
-8328,
-8331,
-8334,
-8336,
-8339,
-8342,
-8344,
-8347,
-8349,
-8352,
-8355,
-8357,
-8360,
-8363,
-8365,
-8368,
-8370,
-8373,
-8376,
-8378,
-8381,
-8384,
-8386,
-8389,
-8391,
-8394,
-8397,
-8399,
-8402,
-8405,
-8407,
-8410,
-8413,
-8415,
-8418,
-8420,
-8423,
-8426,
-8428,
-8431,
-8434,
-8436,
-8439,
-8441,
-8444,
-8447,
-8449,
-8452,
-8455,
-8457,
-8460,
-8462,
-8465,
-8468,
-8470,
-8473,
-8476,
-8478,
-8481,
-8483,
-8486,
-8489,
-8491,
-8494,
-8497,
-8499,
-8502,
-8505,
-8507,
-8510,
-8512,
-8515,
-8518,
-8520,
-8523,
-8526,
-8528,
-8531,
-8533,
-8536,
-8539,
-8541,
-8544,
-8547,
-8549,
-8552,
-8554,
-8557,
-8560,
-8562,
-8565,
-8568,
-8570,
-8573,
-8575,
-8578,
-8581,
-8583,
-8586,
-8589,
-8591,
-8594,
-8597,
-8599,
-8602,
-8604,
-8607,
-8610,
-8612,
-8615,
-8618,
-8620,
-8623,
-8625,
-8628,
-8631,
-8633,
-8636,
-8639,
-8641,
-8644,
-8646,
-8649,
-8652,
-8654,
-8657,
-8660,
-8662,
-8665,
-8668,
-8670,
-8673,
-8675,
-8678,
-8681,
-8683,
-8686,
-8689,
-8691,
-8694,
-8696,
-8699,
-8702,
-8704,
-8707,
-8710,
-8712,
-8715,
-8717,
-8720,
-8723,
-8725,
-8728,
-8731,
-8733,
-8736,
-8738,
-8741,
-8744,
-8746,
-8749,
-8752,
-8754,
-8757,
-8760,
-8762,
-8765,
-8767,
-8770,
-8773,
-8775,
-8778,
-8781,
-8783,
-8786,
-8788,
-8791,
-8794,
-8796,
-8799,
-8802,
-8804,
-8807,
-8809,
-8812,
-8815,
-8817,
-8820,
-8823,
-8825,
-8828,
-8830,
-8833,
-8836,
-8838,
-8841,
-8844,
-8846,
-8849,
-8852,
-8854,
-8857,
-8859,
-8862,
-8865,
-8867,
-8870,
-8873,
-8875,
-8878,
-8880,
-8883,
-8886,
-8888,
-8891,
-8894,
-8896,
-8899,
-8901,
-8904,
-8907,
-8909,
-8912,
-8915,
-8917,
-8920,
-8923,
-8925,
-8928,
-8930,
-8933,
-8936,
-8938,
-8941,
-8944,
-8946,
-8949,
-8951,
-8954,
-8957,
-8959,
-8962,
-8965,
-8967,
-8970,
-8972,
-8975,
-8978,
-8980,
-8983,
-8986,
-8988,
-8991,
-8993,
-8996,
-8999,
-9001,
-9004,
-9007,
-9009,
-9012,
-9015,
-9017,
-9020,
-9022,
-9025,
-9028,
-9030,
-9033,
-9036,
-9038,
-9041,
-9043,
-9046,
-9049,
-9051,
-9054,
-9057,
-9059,
-9062,
-9064,
-9067,
-9070,
-9072,
-9075,
-9078,
-9080,
-9083,
-9086,
-9088,
-9091,
-9093,
-9096,
-9099,
-9101,
-9104,
-9107,
-9109,
-9112,
-9114,
-9117,
-9120,
-9122,
-9125,
-9128,
-9130,
-9133,
-9135,
-9138,
-9141,
-9143,
-9146,
-9149,
-9151,
-9154,
-9156,
-9159,
-9162,
-9164,
-9167,
-9170,
-9172,
-9175,
-9178,
-9180,
-9183,
-9185,
-9188,
-9191,
-9193,
-9196,
-9199,
-9201,
-9204,
-9206,
-9209,
-9212,
-9214,
-9217,
-9220,
-9222,
-9225,
-9227,
-9230,
-9233,
-9235,
-9238,
-9241,
-9243,
-9246,
-9248,
-9251,
-9254,
-9256,
-9259,
-9262,
-9264,
-9267,
-9270,
-9272,
-9275,
-9277,
-9280,
-9283,
-9285,
-9288,
-9291,
-9293,
-9296,
-9298,
-9301,
-9304,
-9306,
-9309,
-9312,
-9314,
-9317,
-9319,
-9322,
-9325,
-9327,
-9330,
-9333,
-9335,
-9338,
-9341,
-9343,
-9346,
-9348,
-9351,
-9354,
-9356,
-9359,
-9362,
-9364,
-9367,
-9369,
-9372,
-9375,
-9377,
-9380,
-9383,
-9385,
-9388,
-9390,
-9393,
-9396,
-9398,
-9401,
-9404,
-9406,
-9409,
-9411,
-9414,
-9417,
-9419,
-9422,
-9425,
-9427,
-9430,
-9433,
-9435,
-9438,
-9440,
-9443,
-9446,
-9448,
-9451,
-9454,
-9456,
-9459,
-9461,
-9464,
-9467,
-9469,
-9472,
-9475,
-9477,
-9480,
-9482,
-9485,
-9488,
-9490,
-9493,
-9496,
-9498,
-9501,
-9503,
-9506,
-9509,
-9511,
-9514,
-9517,
-9519,
-9522,
-9525,
-9527,
-9530,
-9532,
-9535,
-9538,
-9540,
-9543,
-9546,
-9548,
-9551,
-9553,
-9556,
-9559,
-9561,
-9564,
-9567,
-9569,
-9572,
-9574,
-9577,
-9580,
-9582,
-9585,
-9588,
-9590,
-9593,
-9596,
-9598,
-9601,
-9603,
-9606,
-9609,
-9611,
-9614,
-9617,
-9619,
-9622,
-9624,
-9627,
-9630,
-9632,
-9635,
-9638,
-9640,
-9643,
-9645,
-9648,
-9651,
-9653,
-9656,
-9659,
-9661,
-9664,
-9666,
-9669,
-9672,
-9674,
-9677,
-9680,
-9682,
-9685,
-9688,
-9690,
-9693,
-9695,
-9698,
-9701,
-9703,
-9706,
-9709,
-9711,
-9714,
-9716,
-9719,
-9722,
-9724,
-9727,
-9730,
-9732,
-9735,
-9737,
-9740,
-9743,
-9745,
-9748,
-9751,
-9753,
-9756,
-9759,
-9761,
-9764,
-9766,
-9769,
-9772,
-9774,
-9777,
-9780,
-9782,
-9785,
-9787,
-9790,
-9793,
-9795,
-9798,
-9801,
-9803,
-9806,
-9808,
-9811,
-9814,
-9816,
-9819,
-9822,
-9824,
-9827,
-9829,
-9832,
-9835,
-9837,
-9840,
-9843,
-9845,
-9848,
-9851,
-9853,
-9856,
-9858,
-9861,
-9864,
-9866,
-9869,
-9872,
-9874,
-9877,
-9879,
-9882,
-9885,
-9887,
-9890,
-9893,
-9895,
-9898,
-9900,
-9903,
-9906,
-9908,
-9911,
-9914,
-9916,
-9919,
-9921,
-9924,
-9927,
-9929,
-9932,
-9935,
-9937,
-9940,
-9943,
-9945,
-9948,
-9950,
-9953,
-9956,
-9958,
-9961,
-9964,
-9966,
-9969,
-9971,
-9974,
-9977,
-9979,
-9982,
-9985,
-9987,
-9990,
-9992,
-9995,
-9998,
-10000,
-10003,
-10006,
-10008,
-10011,
-10014,
-10016,
-10019,
-10021,
-10024,
-10027,
-10029,
-10032,
-10035,
-10037,
-10040,
-10042,
-10045,
-10048,
-10050,
-10053,
-10056,
-10058,
-10061,
-10063,
-10066,
-10069,
-10071,
-10074,
-10077,
-10079,
-10082,
-10084,
-10087,
-10090,
-10092,
-10095,
-10098,
-10100,
-10103,
-10106,
-10108,
-10111,
-10113,
-10116,
-10119,
-10121,
-10124,
-10127,
-10129,
-10132,
-10134,
-10137,
-10140,
-10142,
-10145,
-10148,
-10150,
-10153,
-10155,
-10158,
-10161,
-10163,
-10166,
-10169,
-10171,
-10174,
-10176,
-10179,
-10182,
-10184,
-10187,
-10190,
-10192,
-10195,
-10198,
-10200,
-10203,
-10205,
-10208,
-10211,
-10213,
-10216,
-10219,
-10221,
-10224,
-10226,
-10229,
-10232,
-10234,
-10237,
-10240,
-10242,
-10245,
-10247,
-10250,
-10253,
-10255,
-10258,
-10261,
-10263,
-10266,
-10269,
-10271,
-10274,
-10276,
-10279,
-10282,
-10284,
-10287,
-10290,
-10292,
-10295,
-10297,
-10300,
-10303,
-10305,
-10308,
-10311,
-10313,
-10316,
-10318,
-10321,
-10324,
-10326,
-10329,
-10332,
-10334,
-10337,
-10339,
-10342,
-10345,
-10347,
-10350,
-10353,
-10355,
-10358,
-10361,
-10363,
-10366,
-10368,
-10371,
-10374,
-10376,
-10379,
-10382,
-10384,
-10387,
-10389,
-10392,
-10395,
-10397,
-10400,
-10403,
-10405,
-10408,
-10410,
-10413,
-10416,
-10418,
-10421,
-10424,
-10426,
-10429,
-10432,
-10434,
-10437,
-10439,
-10442,
-10445,
-10447,
-10450,
-10453,
-10455,
-10458,
-10460,
-10463,
-10466,
-10468,
-10471,
-10474,
-10476,
-10479,
-10481,
-10484,
-10487,
-10489,
-10492,
-10495,
-10497,
-10500,
-10502,
-10505,
-10508,
-10510,
-10513,
-10516,
-10518,
-10521,
-10524,
-10526,
-10529,
-10531,
-10534,
-10537,
-10539,
-10542,
-10545,
-10547,
-10550,
-10552,
-10555,
-10558,
-10560,
-10563,
-10566,
-10568,
-10571,
-10573,
-10576,
-10579,
-10581,
-10584,
-10587,
-10589,
-10592,
-10594,
-10597,
-10600,
-10602,
-10605,
-10608,
-10610,
-10613,
-10616,
-10618,
-10621,
-10623,
-10626,
-10629,
-10631,
-10634,
-10637,
-10639,
-10642,
-10644,
-10647,
-10650,
-10652,
-10655,
-10658,
-10660,
-10663,
-10665,
-10668,
-10671,
-10673,
-10676,
-10679,
-10681,
-10684,
-10687,
-10689,
-10692,
-10694,
-10697,
-10700,
-10702,
-10705,
-10708,
-10710,
-10713,
-10715,
-10718,
-10721,
-10723,
-10726,
-10729,
-10731,
-10734,
-10736,
-10739,
-10742,
-10744,
-10747,
-10750,
-10752,
-10755,
-10757,
-10760,
-10763,
-10765;